Year,State-ID,State-Name,emisions-intensity,Price-¢/kilowatthour,Total-Generation,Total-Consumption,Difference,Total-Generation-Unit,Total-Consumption-Unit,Difference-Unit,Difference-Notes
2018,AK,Alaska,1194.0,19.36,6247359.0,6247989.0,630.0,Megawatthours,Megawatthours,Megawatthours,"Positive numbers are a deficit, negative numbers are a surplus"
2018,AL,Alabama,851.0,9.63,145057994.0,145057994.0,0.0,Megawatthours,Megawatthours,Megawatthours,"Positive numbers are a deficit, negative numbers are a surplus"
2018,AR,Arkansas,1241.0,7.78,67999352.0,67999352.0,0.0,Megawatthours,Megawatthours,Megawatthours,"Positive numbers are a deficit, negative numbers are a surplus"
2018,AZ,Arizona,919.0,10.85,111925144.0,111994787.0,69643.0,Megawatthours,Megawatthours,Megawatthours,"Positive numbers are a deficit, negative numbers are a surplus"
2018,CA,California,491.0,16.58,195465638.0,201797027.0,6331389.0,Megawatthours,Megawatthours,Megawatthours,"Positive numbers are a deficit, negative numbers are a surplus"
2018,CO,Colorado,1379.0,10.02,55386279.0,55387105.0,826.0,Megawatthours,Megawatthours,Megawatthours,"Positive numbers are a deficit, negative numbers are a surplus"
2018,CT,Connecticut,535.0,18.41,39453552.0,39983910.0,530358.0,Megawatthours,Megawatthours,Megawatthours,"Positive numbers are a deficit, negative numbers are a surplus"
2018,DE,Delaware,1126.0,10.55,6240644.0,6243717.0,3073.0,Megawatthours,Megawatthours,Megawatthours,"Positive numbers are a deficit, negative numbers are a surplus"
2018,FL,Florida,948.0,10.32,244252035.0,244252035.0,0.0,Megawatthours,Megawatthours,Megawatthours,"Positive numbers are a deficit, negative numbers are a surplus"
2018,GA,Georgia,933.0,9.62,129239371.0,129239371.0,0.0,Megawatthours,Megawatthours,Megawatthours,"Positive numbers are a deficit, negative numbers are a surplus"
2018,HI,Hawaii,1616.0,29.18,9796773.0,9796773.0,0.0,Megawatthours,Megawatthours,Megawatthours,"Positive numbers are a deficit, negative numbers are a surplus"
2018,IA,Iowa,1189.0,8.92,63380569.0,63380569.0,0.0,Megawatthours,Megawatthours,Megawatthours,"Positive numbers are a deficit, negative numbers are a surplus"
2018,ID,Idaho,214.0,8.17,18172120.0,18206086.0,33966.0,Megawatthours,Megawatthours,Megawatthours,"Positive numbers are a deficit, negative numbers are a surplus"
2018,IL,Illinois,846.0,9.6,188003357.0,188027642.0,24285.0,Megawatthours,Megawatthours,Megawatthours,"Positive numbers are a deficit, negative numbers are a surplus"
2018,IN,Indiana,1775.0,9.75,113459711.0,113532779.0,73068.0,Megawatthours,Megawatthours,Megawatthours,"Positive numbers are a deficit, negative numbers are a surplus"
2018,KS,Kansas,1010.0,10.72,51710213.0,51710213.0,0.0,Megawatthours,Megawatthours,Megawatthours,"Positive numbers are a deficit, negative numbers are a surplus"
2018,KY,Kentucky,1850.0,8.52,78804497.0,78810465.0,5968.0,Megawatthours,Megawatthours,Megawatthours,"Positive numbers are a deficit, negative numbers are a surplus"
2018,LA,Louisiana,1094.0,7.71,102128485.0,102128485.0,0.0,Megawatthours,Megawatthours,Megawatthours,"Positive numbers are a deficit, negative numbers are a surplus"
2018,MA,Massachusetts,808.0,18.5,27172882.0,28153151.0,980269.0,Megawatthours,Megawatthours,Megawatthours,"Positive numbers are a deficit, negative numbers are a surplus"
2018,MD,Maryland,896.0,11.57,43809648.0,43825858.0,16210.0,Megawatthours,Megawatthours,Megawatthours,"Positive numbers are a deficit, negative numbers are a surplus"
2018,ME,Maine,429.0,13.44,11280700.0,15629460.0,4348760.0,Megawatthours,Megawatthours,Megawatthours,"Positive numbers are a deficit, negative numbers are a surplus"
2018,MI,Michigan,1167.0,11.4,115837095.0,122377144.0,6540049.0,Megawatthours,Megawatthours,Megawatthours,"Positive numbers are a deficit, negative numbers are a surplus"
2018,MN,Minnesota,1066.0,10.37,61517441.0,65718064.0,4200623.0,Megawatthours,Megawatthours,Megawatthours,"Positive numbers are a deficit, negative numbers are a surplus"
2018,MO,Missouri,1697.0,9.93,85095384.0,85095384.0,0.0,Megawatthours,Megawatthours,Megawatthours,"Positive numbers are a deficit, negative numbers are a surplus"
2018,MS,Mississippi,907.0,9.24,63473771.0,63473771.0,0.0,Megawatthours,Megawatthours,Megawatthours,"Positive numbers are a deficit, negative numbers are a surplus"
2018,MT,Montana,1218.0,8.84,28212831.0,28268428.0,55597.0,Megawatthours,Megawatthours,Megawatthours,"Positive numbers are a deficit, negative numbers are a surplus"
2018,NC,North Carolina,814.0,9.25,134249497.0,134251000.0,1503.0,Megawatthours,Megawatthours,Megawatthours,"Positive numbers are a deficit, negative numbers are a surplus"
2018,ND,North Dakota,1615.0,8.91,42615321.0,43778973.0,1163652.0,Megawatthours,Megawatthours,Megawatthours,"Positive numbers are a deficit, negative numbers are a surplus"
2018,NE,Nebraska,1519.0,9.02,36966216.0,36978442.0,12226.0,Megawatthours,Megawatthours,Megawatthours,"Positive numbers are a deficit, negative numbers are a surplus"
2018,NH,New Hampshire,282.0,17.01,17087156.0,17290336.0,203180.0,Megawatthours,Megawatthours,Megawatthours,"Positive numbers are a deficit, negative numbers are a surplus"
2018,NJ,New Jersey,554.0,13.23,75033600.0,75056481.0,22881.0,Megawatthours,Megawatthours,Megawatthours,"Positive numbers are a deficit, negative numbers are a surplus"
2018,NM,New Mexico,1242.0,9.35,32673682.0,32677725.0,4043.0,Megawatthours,Megawatthours,Megawatthours,"Positive numbers are a deficit, negative numbers are a surplus"
2018,NV,Nevada,777.0,8.67,39640241.0,39686561.0,46320.0,Megawatthours,Megawatthours,Megawatthours,"Positive numbers are a deficit, negative numbers are a surplus"
2018,NY,New York,464.0,14.83,132520501.0,148213143.0,15692642.0,Megawatthours,Megawatthours,Megawatthours,"Positive numbers are a deficit, negative numbers are a surplus"
2018,OH,Ohio,1342.0,9.94,127937288.0,128019549.0,82261.0,Megawatthours,Megawatthours,Megawatthours,"Positive numbers are a deficit, negative numbers are a surplus"
2018,OK,Oklahoma,883.0,8.09,87181402.0,87181402.0,0.0,Megawatthours,Megawatthours,Megawatthours,"Positive numbers are a deficit, negative numbers are a surplus"
2018,OR,Oregon,302.0,8.85,64113560.0,64657755.0,544195.0,Megawatthours,Megawatthours,Megawatthours,"Positive numbers are a deficit, negative numbers are a surplus"
2018,PA,Pennsylvania,787.0,10.1,215385830.0,215442173.0,56343.0,Megawatthours,Megawatthours,Megawatthours,"Positive numbers are a deficit, negative numbers are a surplus"
2018,RI,Rhode Island,879.0,18.1,8375257.0,8514741.0,139484.0,Megawatthours,Megawatthours,Megawatthours,"Positive numbers are a deficit, negative numbers are a surplus"
2018,SC,South Carolina,639.0,9.67,99364088.0,99364088.0,0.0,Megawatthours,Megawatthours,Megawatthours,"Positive numbers are a deficit, negative numbers are a surplus"
2018,SD,South Dakota,509.0,9.97,12616396.0,12616396.0,0.0,Megawatthours,Megawatthours,Megawatthours,"Positive numbers are a deficit, negative numbers are a surplus"
2018,TN,Tennessee,790.0,9.58,81554917.0,81554917.0,0.0,Megawatthours,Megawatthours,Megawatthours,"Positive numbers are a deficit, negative numbers are a surplus"
2018,TX,Texas,1060.0,8.48,477352425.0,483184603.0,5832178.0,Megawatthours,Megawatthours,Megawatthours,"Positive numbers are a deficit, negative numbers are a surplus"
2018,UT,Utah,1595.0,8.21,39375424.0,39415019.0,39595.0,Megawatthours,Megawatthours,Megawatthours,"Positive numbers are a deficit, negative numbers are a surplus"
2018,VA,Virginia,772.0,9.48,95509121.0,95539613.0,30492.0,Megawatthours,Megawatthours,Megawatthours,"Positive numbers are a deficit, negative numbers are a surplus"
2018,VT,Vermont,10.0,15.13,2178915.0,11905277.0,9726362.0,Megawatthours,Megawatthours,Megawatthours,"Positive numbers are a deficit, negative numbers are a surplus"
2018,WA,Washington,201.0,8.0,116756729.0,118192059.0,1435330.0,Megawatthours,Megawatthours,Megawatthours,"Positive numbers are a deficit, negative numbers are a surplus"
2018,WI,Wisconsin,1394.0,10.58,65936803.0,65936803.0,0.0,Megawatthours,Megawatthours,Megawatthours,"Positive numbers are a deficit, negative numbers are a surplus"
2018,WV,West Virginia,1970.0,8.72,67249025.0,67257809.0,8784.0,Megawatthours,Megawatthours,Megawatthours,"Positive numbers are a deficit, negative numbers are a surplus"
2018,WY,Wyoming,2100.0,8.09,46112136.0,46113573.0,1437.0,Megawatthours,Megawatthours,Megawatthours,"Positive numbers are a deficit, negative numbers are a surplus"
