period,state,stateDescription,total-disposition,total-disposition-units
2018,AK,Alaska,6247989,megawatthours
2018,AL,Alabama,145057994,megawatthours
2018,AR,Arkansas,67999352,megawatthours
2018,AZ,Arizona,111994787,megawatthours
2018,CA,California,201797027,megawatthours
2018,CO,Colorado,55387105,megawatthours
2018,CT,Connecticut,39983910,megawatthours
2018,DC,District of Columbia,82296,megawatthours
2018,DE,Delaware,6243717,megawatthours
2018,FL,Florida,244252035,megawatthours
2018,GA,Georgia,129239371,megawatthours
2018,HI,Hawaii,9796773,megawatthours
2018,IA,Iowa,63380569,megawatthours
2018,ID,Idaho,18206086,megawatthours
2018,IL,Illinois,188027642,megawatthours
2018,IN,Indiana,113532779,megawatthours
2018,KS,Kansas,51710213,megawatthours
2018,KY,Kentucky,78810465,megawatthours
2018,LA,Louisiana,102128485,megawatthours
2018,MA,Massachusetts,28153151,megawatthours
2018,MD,Maryland,43825858,megawatthours
2018,ME,Maine,15629460,megawatthours
2018,MI,Michigan,122377144,megawatthours
2018,MN,Minnesota,65718064,megawatthours
2018,MO,Missouri,85095384,megawatthours
2018,MS,Mississippi,63473771,megawatthours
2018,MT,Montana,28268428,megawatthours
2018,NC,North Carolina,134251000,megawatthours
2018,ND,North Dakota,43778973,megawatthours
2018,NE,Nebraska,36978442,megawatthours
2018,NH,New Hampshire,17290336,megawatthours
2018,NJ,New Jersey,75056481,megawatthours
2018,NM,New Mexico,32677725,megawatthours
2018,NV,Nevada,39686561,megawatthours
2018,NY,New York,148213143,megawatthours
2018,OH,Ohio,128019549,megawatthours
2018,OK,Oklahoma,87181402,megawatthours
2018,OR,Oregon,64657755,megawatthours
2018,PA,Pennsylvania,215442173,megawatthours
2018,RI,Rhode Island,8514741,megawatthours
2018,SC,South Carolina,99364088,megawatthours
2018,SD,South Dakota,12616396,megawatthours
2018,TN,Tennessee,81554917,megawatthours
2018,TX,Texas,483184603,megawatthours
2018,UT,Utah,39415019,megawatthours
2018,VA,Virginia,95539613,megawatthours
2018,VT,Vermont,11905277,megawatthours
2018,WA,Washington,118192059,megawatthours
2018,WI,Wisconsin,65936803,megawatthours
2018,WV,West Virginia,67257809,megawatthours
2018,WY,Wyoming,46113573,megawatthours
