date,temperature_2m,wind_speed_10m,location,latitude,longitude
2026-09-03 00:00:00,34.5,26.6,Saint George,37.08267,-113.5791
2026-09-03 01:00:00,33.3,22.4,Saint George,37.08267,-113.5791
2026-09-03 02:00:00,30.5,12.1,Saint George,37.08267,-113.5791
2026-09-03 03:00:00,27.7,9.2,Saint George,37.08267,-113.5791
2026-09-03 04:00:00,25.9,4.6,Saint George,37.08267,-113.5791
2026-09-03 05:00:00,25.1,11.2,Saint George,37.08267,-113.5791
2026-09-03 06:00:00,23.4,7.0,Saint George,37.08267,-113.5791
2026-09-03 07:00:00,22.2,10.1,Saint George,37.08267,-113.5791
2026-09-03 08:00:00,21.8,12.7,Saint George,37.08267,-113.5791
2026-09-03 09:00:00,21.3,11.8,Saint George,37.08267,-113.5791
2026-09-03 10:00:00,20.4,5.0,Saint George,37.08267,-113.5791
2026-09-03 11:00:00,18.9,8.9,Saint George,37.08267,-113.5791
2026-09-03 12:00:00,18.4,11.2,Saint George,37.08267,-113.5791
2026-09-03 13:00:00,17.7,9.2,Saint George,37.08267,-113.5791
2026-09-03 14:00:00,19.1,4.6,Saint George,37.08267,-113.5791
2026-09-03 15:00:00,23.9,9.8,Saint George,37.08267,-113.5791
2026-09-03 16:00:00,26.6,5.8,Saint George,37.08267,-113.5791
2026-09-03 17:00:00,28.9,2.3,Saint George,37.08267,-113.5791
2026-09-03 18:00:00,30.7,4.6,Saint George,37.08267,-113.5791
2026-09-03 19:00:00,32.3,11.5,Saint George,37.08267,-113.5791
2026-09-03 20:00:00,33.5,18.6,Saint George,37.08267,-113.5791
2026-09-03 21:00:00,34.1,20.7,Saint George,37.08267,-113.5791
2026-09-03 22:00:00,35.2,22.9,Saint George,37.08267,-113.5791
2026-09-03 23:00:00,35.1,24.5,Saint George,37.08267,-113.5791
2026-09-04 00:00:00,34.2,25.3,Saint George,37.08267,-113.5791
2026-09-04 01:00:00,33.0,22.8,Saint George,37.08267,-113.5791
2026-09-04 02:00:00,29.5,9.3,Saint George,37.08267,-113.5791
2026-09-04 03:00:00,27.0,5.9,Saint George,37.08267,-113.5791
2026-09-04 04:00:00,26.0,9.0,Saint George,37.08267,-113.5791
2026-09-04 05:00:00,23.0,8.9,Saint George,37.08267,-113.5791
2026-09-04 06:00:00,22.0,8.5,Saint George,37.08267,-113.5791
2026-09-04 07:00:00,21.2,10.9,Saint George,37.08267,-113.5791
2026-09-04 08:00:00,20.8,10.7,Saint George,37.08267,-113.5791
2026-09-04 09:00:00,20.3,11.6,Saint George,37.08267,-113.5791
2026-09-04 10:00:00,20.1,10.2,Saint George,37.08267,-113.5791
2026-09-04 11:00:00,19.4,11.0,Saint George,37.08267,-113.5791
2026-09-04 12:00:00,19.4,9.7,Saint George,37.08267,-113.5791
2026-09-04 13:00:00,18.9,8.9,Saint George,37.08267,-113.5791
2026-09-04 14:00:00,19.6,9.4,Saint George,37.08267,-113.5791
2026-09-04 15:00:00,24.3,4.7,Saint George,37.08267,-113.5791
2026-09-04 16:00:00,27.0,6.6,Saint George,37.08267,-113.5791
2026-09-04 17:00:00,29.8,8.2,Saint George,37.08267,-113.5791
2026-09-04 18:00:00,31.3,10.8,Saint George,37.08267,-113.5791
2026-09-04 19:00:00,33.6,22.0,Saint George,37.08267,-113.5791
2026-09-04 20:00:00,34.8,26.6,Saint George,37.08267,-113.5791
2026-09-04 21:00:00,35.1,29.3,Saint George,37.08267,-113.5791
2026-09-04 22:00:00,35.0,29.3,Saint George,37.08267,-113.5791
2026-09-04 23:00:00,34.6,30.6,Saint George,37.08267,-113.5791
2026-09-05 00:00:00,34.1,29.5,Saint George,37.08267,-113.5791
2026-09-05 01:00:00,32.8,24.0,Saint George,37.08267,-113.5791
2026-09-05 02:00:00,29.2,9.8,Saint George,37.08267,-113.5791
2026-09-05 03:00:00,27.1,7.3,Saint George,37.08267,-113.5791
2026-09-05 04:00:00,26.1,7.8,Saint George,37.08267,-113.5791
2026-09-05 05:00:00,23.0,10.7,Saint George,37.08267,-113.5791
2026-09-05 06:00:00,21.8,10.1,Saint George,37.08267,-113.5791
2026-09-05 07:00:00,21.2,10.7,Saint George,37.08267,-113.5791
2026-09-05 08:00:00,20.8,10.6,Saint George,37.08267,-113.5791
2026-09-05 09:00:00,20.9,11.8,Saint George,37.08267,-113.5791
2026-09-05 10:00:00,20.8,9.6,Saint George,37.08267,-113.5791
2026-09-05 11:00:00,20.9,6.9,Saint George,37.08267,-113.5791
2026-09-05 12:00:00,21.2,4.1,Saint George,37.08267,-113.5791
2026-09-05 13:00:00,21.6,3.8,Saint George,37.08267,-113.5791
2026-09-05 14:00:00,23.0,4.2,Saint George,37.08267,-113.5791
2026-09-05 15:00:00,25.4,4.1,Saint George,37.08267,-113.5791
2026-09-05 16:00:00,27.1,6.4,Saint George,37.08267,-113.5791
2026-09-05 17:00:00,28.8,7.4,Saint George,37.08267,-113.5791
2026-09-05 18:00:00,30.6,2.7,Saint George,37.08267,-113.5791
2026-09-05 19:00:00,32.9,15.2,Saint George,37.08267,-113.5791
2026-09-05 20:00:00,33.5,22.7,Saint George,37.08267,-113.5791
2026-09-05 21:00:00,34.2,18.1,Saint George,37.08267,-113.5791
2026-09-05 22:00:00,34.8,21.0,Saint George,37.08267,-113.5791
2026-09-05 23:00:00,34.6,24.4,Saint George,37.08267,-113.5791
2026-09-06 00:00:00,33.7,26.0,Saint George,37.08267,-113.5791
2026-09-06 01:00:00,32.3,20.9,Saint George,37.08267,-113.5791
2026-09-06 02:00:00,31.0,12.2,Saint George,37.08267,-113.5791
2026-09-06 03:00:00,30.1,9.7,Saint George,37.08267,-113.5791
2026-09-06 04:00:00,28.4,5.6,Saint George,37.08267,-113.5791
2026-09-06 05:00:00,28.4,3.1,Saint George,37.08267,-113.5791
2026-09-06 06:00:00,28.6,2.5,Saint George,37.08267,-113.5791
2026-09-06 07:00:00,28.5,2.0,Saint George,37.08267,-113.5791
2026-09-06 08:00:00,28.0,3.9,Saint George,37.08267,-113.5791
2026-09-06 09:00:00,26.8,5.7,Saint George,37.08267,-113.5791
2026-09-06 10:00:00,26.4,6.5,Saint George,37.08267,-113.5791
2026-09-06 11:00:00,25.4,3.7,Saint George,37.08267,-113.5791
2026-09-06 12:00:00,25.4,5.6,Saint George,37.08267,-113.5791
2026-09-06 13:00:00,25.6,1.1,Saint George,37.08267,-113.5791
2026-09-06 14:00:00,24.6,0.8,Saint George,37.08267,-113.5791
2026-09-06 15:00:00,24.4,2.7,Saint George,37.08267,-113.5791
2026-09-06 16:00:00,26.2,3.7,Saint George,37.08267,-113.5791
2026-09-06 17:00:00,27.0,4.9,Saint George,37.08267,-113.5791
2026-09-06 18:00:00,28.2,7.0,Saint George,37.08267,-113.5791
2026-09-06 19:00:00,29.4,16.8,Saint George,37.08267,-113.5791
2026-09-06 20:00:00,26.8,13.4,Saint George,37.08267,-113.5791
2026-09-06 21:00:00,26.0,12.8,Saint George,37.08267,-113.5791
2026-09-06 22:00:00,26.0,9.8,Saint George,37.08267,-113.5791
2026-09-06 23:00:00,26.6,15.2,Saint George,37.08267,-113.5791
2026-09-07 00:00:00,26.0,13.8,Saint George,37.08267,-113.5791
2026-09-07 01:00:00,26.3,14.4,Saint George,37.08267,-113.5791
2026-09-07 02:00:00,25.6,16.2,Saint George,37.08267,-113.5791
2026-09-07 03:00:00,24.8,15.8,Saint George,37.08267,-113.5791
2026-09-07 04:00:00,24.6,13.9,Saint George,37.08267,-113.5791
2026-09-07 05:00:00,24.5,11.4,Saint George,37.08267,-113.5791
2026-09-07 06:00:00,24.5,8.8,Saint George,37.08267,-113.5791
2026-09-07 07:00:00,24.2,9.0,Saint George,37.08267,-113.5791
2026-09-07 08:00:00,23.9,9.0,Saint George,37.08267,-113.5791
2026-09-07 09:00:00,23.4,8.6,Saint George,37.08267,-113.5791
2026-09-07 10:00:00,22.9,6.2,Saint George,37.08267,-113.5791
2026-09-07 11:00:00,22.5,4.5,Saint George,37.08267,-113.5791
2026-09-07 12:00:00,22.2,5.1,Saint George,37.08267,-113.5791
2026-09-07 13:00:00,22.1,4.9,Saint George,37.08267,-113.5791
2026-09-07 14:00:00,22.8,5.4,Saint George,37.08267,-113.5791
2026-09-07 15:00:00,23.9,5.8,Saint George,37.08267,-113.5791
2026-09-07 16:00:00,25.2,6.6,Saint George,37.08267,-113.5791
2026-09-07 17:00:00,26.7,5.1,Saint George,37.08267,-113.5791
2026-09-07 18:00:00,28.4,5.4,Saint George,37.08267,-113.5791
2026-09-07 19:00:00,30.3,5.8,Saint George,37.08267,-113.5791
2026-09-07 20:00:00,32.3,17.1,Saint George,37.08267,-113.5791
2026-09-07 21:00:00,32.8,20.1,Saint George,37.08267,-113.5791
2026-09-07 22:00:00,33.6,20.2,Saint George,37.08267,-113.5791
2026-09-07 23:00:00,33.6,31.0,Saint George,37.08267,-113.5791
2026-09-08 00:00:00,33.2,27.3,Saint George,37.08267,-113.5791
2026-09-08 01:00:00,32.6,20.1,Saint George,37.08267,-113.5791
2026-09-08 02:00:00,30.9,13.7,Saint George,37.08267,-113.5791
2026-09-08 03:00:00,30.0,15.9,Saint George,37.08267,-113.5791
2026-09-08 04:00:00,28.9,10.5,Saint George,37.08267,-113.5791
2026-09-08 05:00:00,28.1,8.2,Saint George,37.08267,-113.5791
2026-09-08 06:00:00,27.0,4.3,Saint George,37.08267,-113.5791
2026-09-08 07:00:00,26.4,4.6,Saint George,37.08267,-113.5791
2026-09-08 08:00:00,25.9,4.7,Saint George,37.08267,-113.5791
2026-09-08 09:00:00,25.3,4.8,Saint George,37.08267,-113.5791
2026-09-08 10:00:00,25.1,5.9,Saint George,37.08267,-113.5791
2026-09-08 11:00:00,24.9,7.7,Saint George,37.08267,-113.5791
2026-09-08 12:00:00,24.4,7.2,Saint George,37.08267,-113.5791
2026-09-08 13:00:00,24.9,7.1,Saint George,37.08267,-113.5791
2026-09-08 14:00:00,25.8,6.1,Saint George,37.08267,-113.5791
2026-09-08 15:00:00,26.8,5.8,Saint George,37.08267,-113.5791
2026-09-08 16:00:00,28.1,5.2,Saint George,37.08267,-113.5791
2026-09-08 17:00:00,29.5,5.1,Saint George,37.08267,-113.5791
2026-09-08 18:00:00,30.9,5.1,Saint George,37.08267,-113.5791
2026-09-08 19:00:00,32.3,6.6,Saint George,37.08267,-113.5791
2026-09-08 20:00:00,33.6,10.4,Saint George,37.08267,-113.5791
2026-09-08 21:00:00,34.5,12.1,Saint George,37.08267,-113.5791
2026-09-08 22:00:00,35.2,8.6,Saint George,37.08267,-113.5791
2026-09-08 23:00:00,35.5,9.4,Saint George,37.08267,-113.5791
2026-09-09 00:00:00,35.3,13.2,Saint George,37.08267,-113.5791
2026-09-09 01:00:00,34.2,13.2,Saint George,37.08267,-113.5791
2026-09-09 02:00:00,32.6,11.4,Saint George,37.08267,-113.5791
2026-09-09 03:00:00,31.2,10.0,Saint George,37.08267,-113.5791
2026-09-09 04:00:00,30.4,7.4,Saint George,37.08267,-113.5791
2026-09-09 05:00:00,29.8,3.3,Saint George,37.08267,-113.5791
2026-09-09 06:00:00,29.3,1.3,Saint George,37.08267,-113.5791
2026-09-09 07:00:00,28.9,1.8,Saint George,37.08267,-113.5791
2026-09-09 08:00:00,28.5,3.1,Saint George,37.08267,-113.5791
2026-09-09 09:00:00,28.0,3.8,Saint George,37.08267,-113.5791
2026-09-09 10:00:00,27.4,3.7,Saint George,37.08267,-113.5791
2026-09-09 11:00:00,26.7,3.4,Saint George,37.08267,-113.5791
2026-09-09 12:00:00,26.5,4.0,Saint George,37.08267,-113.5791
2026-09-09 13:00:00,27.1,4.7,Saint George,37.08267,-113.5791
2026-09-09 14:00:00,28.1,5.4,Saint George,37.08267,-113.5791
2026-09-09 15:00:00,29.3,5.9,Saint George,37.08267,-113.5791
2026-09-09 16:00:00,30.7,6.3,Saint George,37.08267,-113.5791
2026-09-09 17:00:00,32.2,6.6,Saint George,37.08267,-113.5791
2026-09-09 18:00:00,33.6,4.3,Saint George,37.08267,-113.5791
2026-09-09 19:00:00,35.0,3.7,Saint George,37.08267,-113.5791
2026-09-09 20:00:00,36.2,13.0,Saint George,37.08267,-113.5791
2026-09-09 21:00:00,37.0,20.6,Saint George,37.08267,-113.5791
2026-09-09 22:00:00,37.3,24.3,Saint George,37.08267,-113.5791
2026-09-09 23:00:00,37.1,25.9,Saint George,37.08267,-113.5791
2026-09-03 00:00:00,34.5,26.6,Saint George,37.08267,-113.5791
2026-09-03 01:00:00,33.3,22.4,Saint George,37.08267,-113.5791
2026-09-03 02:00:00,30.5,12.1,Saint George,37.08267,-113.5791
2026-09-03 03:00:00,27.7,9.2,Saint George,37.08267,-113.5791
2026-09-03 04:00:00,25.9,4.6,Saint George,37.08267,-113.5791
2026-09-03 05:00:00,25.1,11.2,Saint George,37.08267,-113.5791
2026-09-03 06:00:00,23.4,7.0,Saint George,37.08267,-113.5791
2026-09-03 07:00:00,22.2,10.1,Saint George,37.08267,-113.5791
2026-09-03 08:00:00,21.8,12.7,Saint George,37.08267,-113.5791
2026-09-03 09:00:00,21.3,11.8,Saint George,37.08267,-113.5791
2026-09-03 10:00:00,20.4,5.0,Saint George,37.08267,-113.5791
2026-09-03 11:00:00,18.9,8.9,Saint George,37.08267,-113.5791
2026-09-03 12:00:00,18.4,11.2,Saint George,37.08267,-113.5791
2026-09-03 13:00:00,17.7,9.2,Saint George,37.08267,-113.5791
2026-09-03 14:00:00,19.1,4.6,Saint George,37.08267,-113.5791
2026-09-03 15:00:00,23.9,9.8,Saint George,37.08267,-113.5791
2026-09-03 16:00:00,26.6,5.8,Saint George,37.08267,-113.5791
2026-09-03 17:00:00,28.9,2.3,Saint George,37.08267,-113.5791
2026-09-03 18:00:00,30.7,4.6,Saint George,37.08267,-113.5791
2026-09-03 19:00:00,32.3,11.5,Saint George,37.08267,-113.5791
2026-09-03 20:00:00,33.5,18.6,Saint George,37.08267,-113.5791
2026-09-03 21:00:00,34.1,20.7,Saint George,37.08267,-113.5791
2026-09-03 22:00:00,35.2,22.9,Saint George,37.08267,-113.5791
2026-09-03 23:00:00,35.1,24.5,Saint George,37.08267,-113.5791
2026-09-04 00:00:00,34.2,25.3,Saint George,37.08267,-113.5791
2026-09-04 01:00:00,33.0,22.8,Saint George,37.08267,-113.5791
2026-09-04 02:00:00,29.5,9.3,Saint George,37.08267,-113.5791
2026-09-04 03:00:00,27.0,5.9,Saint George,37.08267,-113.5791
2026-09-04 04:00:00,26.0,9.0,Saint George,37.08267,-113.5791
2026-09-04 05:00:00,23.0,8.9,Saint George,37.08267,-113.5791
2026-09-04 06:00:00,22.0,8.5,Saint George,37.08267,-113.5791
2026-09-04 07:00:00,21.2,10.9,Saint George,37.08267,-113.5791
2026-09-04 08:00:00,20.8,10.7,Saint George,37.08267,-113.5791
2026-09-04 09:00:00,20.3,11.6,Saint George,37.08267,-113.5791
2026-09-04 10:00:00,20.1,10.2,Saint George,37.08267,-113.5791
2026-09-04 11:00:00,19.4,11.0,Saint George,37.08267,-113.5791
2026-09-04 12:00:00,19.4,9.7,Saint George,37.08267,-113.5791
2026-09-04 13:00:00,18.9,8.9,Saint George,37.08267,-113.5791
2026-09-04 14:00:00,19.6,9.4,Saint George,37.08267,-113.5791
2026-09-04 15:00:00,24.3,4.7,Saint George,37.08267,-113.5791
2026-09-04 16:00:00,27.0,6.6,Saint George,37.08267,-113.5791
2026-09-04 17:00:00,29.8,8.2,Saint George,37.08267,-113.5791
2026-09-04 18:00:00,31.3,10.8,Saint George,37.08267,-113.5791
2026-09-04 19:00:00,33.6,22.0,Saint George,37.08267,-113.5791
2026-09-04 20:00:00,34.8,26.6,Saint George,37.08267,-113.5791
2026-09-04 21:00:00,35.1,29.3,Saint George,37.08267,-113.5791
2026-09-04 22:00:00,35.0,29.3,Saint George,37.08267,-113.5791
2026-09-04 23:00:00,34.6,30.6,Saint George,37.08267,-113.5791
2026-09-05 00:00:00,34.1,29.5,Saint George,37.08267,-113.5791
2026-09-05 01:00:00,32.8,24.0,Saint George,37.08267,-113.5791
2026-09-05 02:00:00,29.2,9.8,Saint George,37.08267,-113.5791
2026-09-05 03:00:00,27.1,7.3,Saint George,37.08267,-113.5791
2026-09-05 04:00:00,26.1,7.8,Saint George,37.08267,-113.5791
2026-09-05 05:00:00,23.0,10.7,Saint George,37.08267,-113.5791
2026-09-05 06:00:00,21.8,10.1,Saint George,37.08267,-113.5791
2026-09-05 07:00:00,21.2,10.7,Saint George,37.08267,-113.5791
2026-09-05 08:00:00,20.8,10.6,Saint George,37.08267,-113.5791
2026-09-05 09:00:00,20.9,11.8,Saint George,37.08267,-113.5791
2026-09-05 10:00:00,20.8,9.6,Saint George,37.08267,-113.5791
2026-09-05 11:00:00,20.9,6.9,Saint George,37.08267,-113.5791
2026-09-05 12:00:00,21.2,4.1,Saint George,37.08267,-113.5791
2026-09-05 13:00:00,21.6,3.8,Saint George,37.08267,-113.5791
2026-09-05 14:00:00,23.0,4.2,Saint George,37.08267,-113.5791
2026-09-05 15:00:00,25.4,4.1,Saint George,37.08267,-113.5791
2026-09-05 16:00:00,27.1,6.4,Saint George,37.08267,-113.5791
2026-09-05 17:00:00,28.8,7.4,Saint George,37.08267,-113.5791
2026-09-05 18:00:00,30.6,2.7,Saint George,37.08267,-113.5791
2026-09-05 19:00:00,32.9,15.2,Saint George,37.08267,-113.5791
2026-09-05 20:00:00,33.5,22.7,Saint George,37.08267,-113.5791
2026-09-05 21:00:00,34.2,18.1,Saint George,37.08267,-113.5791
2026-09-05 22:00:00,34.8,21.0,Saint George,37.08267,-113.5791
2026-09-05 23:00:00,34.6,24.4,Saint George,37.08267,-113.5791
2026-09-06 00:00:00,33.7,26.0,Saint George,37.08267,-113.5791
2026-09-06 01:00:00,32.3,20.9,Saint George,37.08267,-113.5791
2026-09-06 02:00:00,31.0,12.2,Saint George,37.08267,-113.5791
2026-09-06 03:00:00,30.1,9.7,Saint George,37.08267,-113.5791
2026-09-06 04:00:00,28.4,5.6,Saint George,37.08267,-113.5791
2026-09-06 05:00:00,28.4,3.1,Saint George,37.08267,-113.5791
2026-09-06 06:00:00,28.6,2.5,Saint George,37.08267,-113.5791
2026-09-06 07:00:00,28.5,2.0,Saint George,37.08267,-113.5791
2026-09-06 08:00:00,28.0,3.9,Saint George,37.08267,-113.5791
2026-09-06 09:00:00,26.8,5.7,Saint George,37.08267,-113.5791
2026-09-06 10:00:00,26.4,6.5,Saint George,37.08267,-113.5791
2026-09-06 11:00:00,25.4,3.7,Saint George,37.08267,-113.5791
2026-09-06 12:00:00,25.4,5.6,Saint George,37.08267,-113.5791
2026-09-06 13:00:00,25.6,1.1,Saint George,37.08267,-113.5791
2026-09-06 14:00:00,24.6,0.8,Saint George,37.08267,-113.5791
2026-09-06 15:00:00,24.4,2.7,Saint George,37.08267,-113.5791
2026-09-06 16:00:00,26.2,3.7,Saint George,37.08267,-113.5791
2026-09-06 17:00:00,27.0,4.9,Saint George,37.08267,-113.5791
2026-09-06 18:00:00,28.2,7.0,Saint George,37.08267,-113.5791
2026-09-06 19:00:00,29.4,16.8,Saint George,37.08267,-113.5791
2026-09-06 20:00:00,26.8,13.4,Saint George,37.08267,-113.5791
2026-09-06 21:00:00,26.0,12.8,Saint George,37.08267,-113.5791
2026-09-06 22:00:00,26.0,9.8,Saint George,37.08267,-113.5791
2026-09-06 23:00:00,26.6,15.2,Saint George,37.08267,-113.5791
2026-09-07 00:00:00,26.0,13.8,Saint George,37.08267,-113.5791
2026-09-07 01:00:00,26.3,14.4,Saint George,37.08267,-113.5791
2026-09-07 02:00:00,25.6,16.2,Saint George,37.08267,-113.5791
2026-09-07 03:00:00,24.8,15.8,Saint George,37.08267,-113.5791
2026-09-07 04:00:00,24.6,13.9,Saint George,37.08267,-113.5791
2026-09-07 05:00:00,24.5,11.4,Saint George,37.08267,-113.5791
2026-09-07 06:00:00,24.5,8.8,Saint George,37.08267,-113.5791
2026-09-07 07:00:00,24.2,9.0,Saint George,37.08267,-113.5791
2026-09-07 08:00:00,23.9,9.0,Saint George,37.08267,-113.5791
2026-09-07 09:00:00,23.4,8.6,Saint George,37.08267,-113.5791
2026-09-07 10:00:00,22.9,6.2,Saint George,37.08267,-113.5791
2026-09-07 11:00:00,22.5,4.5,Saint George,37.08267,-113.5791
2026-09-07 12:00:00,22.2,5.1,Saint George,37.08267,-113.5791
2026-09-07 13:00:00,22.1,4.9,Saint George,37.08267,-113.5791
2026-09-07 14:00:00,22.8,5.4,Saint George,37.08267,-113.5791
2026-09-07 15:00:00,23.9,5.8,Saint George,37.08267,-113.5791
2026-09-07 16:00:00,25.2,6.6,Saint George,37.08267,-113.5791
2026-09-07 17:00:00,26.7,5.1,Saint George,37.08267,-113.5791
2026-09-07 18:00:00,28.4,5.4,Saint George,37.08267,-113.5791
2026-09-07 19:00:00,30.3,5.8,Saint George,37.08267,-113.5791
2026-09-07 20:00:00,32.3,17.1,Saint George,37.08267,-113.5791
2026-09-07 21:00:00,32.8,20.1,Saint George,37.08267,-113.5791
2026-09-07 22:00:00,33.6,20.2,Saint George,37.08267,-113.5791
2026-09-07 23:00:00,33.6,31.0,Saint George,37.08267,-113.5791
2026-09-08 00:00:00,33.2,27.3,Saint George,37.08267,-113.5791
2026-09-08 01:00:00,32.6,20.1,Saint George,37.08267,-113.5791
2026-09-08 02:00:00,30.9,13.7,Saint George,37.08267,-113.5791
2026-09-08 03:00:00,30.0,15.9,Saint George,37.08267,-113.5791
2026-09-08 04:00:00,28.9,10.5,Saint George,37.08267,-113.5791
2026-09-08 05:00:00,28.1,8.2,Saint George,37.08267,-113.5791
2026-09-08 06:00:00,27.0,4.3,Saint George,37.08267,-113.5791
2026-09-08 07:00:00,26.4,4.6,Saint George,37.08267,-113.5791
2026-09-08 08:00:00,25.9,4.7,Saint George,37.08267,-113.5791
2026-09-08 09:00:00,25.3,4.8,Saint George,37.08267,-113.5791
2026-09-08 10:00:00,25.1,5.9,Saint George,37.08267,-113.5791
2026-09-08 11:00:00,24.9,7.7,Saint George,37.08267,-113.5791
2026-09-08 12:00:00,24.4,7.2,Saint George,37.08267,-113.5791
2026-09-08 13:00:00,24.9,7.1,Saint George,37.08267,-113.5791
2026-09-08 14:00:00,25.8,6.1,Saint George,37.08267,-113.5791
2026-09-08 15:00:00,26.8,5.8,Saint George,37.08267,-113.5791
2026-09-08 16:00:00,28.1,5.2,Saint George,37.08267,-113.5791
2026-09-08 17:00:00,29.5,5.1,Saint George,37.08267,-113.5791
2026-09-08 18:00:00,30.9,5.1,Saint George,37.08267,-113.5791
2026-09-08 19:00:00,32.3,6.6,Saint George,37.08267,-113.5791
2026-09-08 20:00:00,33.6,10.4,Saint George,37.08267,-113.5791
2026-09-08 21:00:00,34.5,12.1,Saint George,37.08267,-113.5791
2026-09-08 22:00:00,35.2,8.6,Saint George,37.08267,-113.5791
2026-09-08 23:00:00,35.5,9.4,Saint George,37.08267,-113.5791
2026-09-09 00:00:00,35.3,13.2,Saint George,37.08267,-113.5791
2026-09-09 01:00:00,34.2,13.2,Saint George,37.08267,-113.5791
2026-09-09 02:00:00,32.6,11.4,Saint George,37.08267,-113.5791
2026-09-09 03:00:00,31.2,10.0,Saint George,37.08267,-113.5791
2026-09-09 04:00:00,30.4,7.4,Saint George,37.08267,-113.5791
2026-09-09 05:00:00,29.8,3.3,Saint George,37.08267,-113.5791
2026-09-09 06:00:00,29.3,1.3,Saint George,37.08267,-113.5791
2026-09-09 07:00:00,28.9,1.8,Saint George,37.08267,-113.5791
2026-09-09 08:00:00,28.5,3.1,Saint George,37.08267,-113.5791
2026-09-09 09:00:00,28.0,3.8,Saint George,37.08267,-113.5791
2026-09-09 10:00:00,27.4,3.7,Saint George,37.08267,-113.5791
2026-09-09 11:00:00,26.7,3.4,Saint George,37.08267,-113.5791
2026-09-09 12:00:00,26.5,4.0,Saint George,37.08267,-113.5791
2026-09-09 13:00:00,27.1,4.7,Saint George,37.08267,-113.5791
2026-09-09 14:00:00,28.1,5.4,Saint George,37.08267,-113.5791
2026-09-09 15:00:00,29.3,5.9,Saint George,37.08267,-113.5791
2026-09-09 16:00:00,30.7,6.3,Saint George,37.08267,-113.5791
2026-09-09 17:00:00,32.2,6.6,Saint George,37.08267,-113.5791
2026-09-09 18:00:00,33.6,4.3,Saint George,37.08267,-113.5791
2026-09-09 19:00:00,35.0,3.7,Saint George,37.08267,-113.5791
2026-09-09 20:00:00,36.2,13.0,Saint George,37.08267,-113.5791
2026-09-09 21:00:00,37.0,20.6,Saint George,37.08267,-113.5791
2026-09-09 22:00:00,37.3,24.3,Saint George,37.08267,-113.5791
2026-09-09 23:00:00,37.1,25.9,Saint George,37.08267,-113.5791
2026-09-03 00:00:00,16.6,6.6,Anchorage,61.265377,-149.92735
2026-09-03 01:00:00,16.6,5.5,Anchorage,61.265377,-149.92735
2026-09-03 02:00:00,16.6,4.8,Anchorage,61.265377,-149.92735
2026-09-03 03:00:00,16.3,3.0,Anchorage,61.265377,-149.92735
2026-09-03 04:00:00,14.4,3.2,Anchorage,61.265377,-149.92735
2026-09-03 05:00:00,11.9,3.4,Anchorage,61.265377,-149.92735
2026-09-03 06:00:00,10.3,2.8,Anchorage,61.265377,-149.92735
2026-09-03 07:00:00,9.7,3.3,Anchorage,61.265377,-149.92735
2026-09-03 08:00:00,8.8,3.5,Anchorage,61.265377,-149.92735
2026-09-03 09:00:00,8.2,4.3,Anchorage,61.265377,-149.92735
2026-09-03 10:00:00,7.5,4.1,Anchorage,61.265377,-149.92735
2026-09-03 11:00:00,8.0,2.3,Anchorage,61.265377,-149.92735
2026-09-03 12:00:00,6.8,1.5,Anchorage,61.265377,-149.92735
2026-09-03 13:00:00,7.1,2.2,Anchorage,61.265377,-149.92735
2026-09-03 14:00:00,6.9,2.5,Anchorage,61.265377,-149.92735
2026-09-03 15:00:00,7.1,2.0,Anchorage,61.265377,-149.92735
2026-09-03 16:00:00,8.5,1.8,Anchorage,61.265377,-149.92735
2026-09-03 17:00:00,10.6,3.4,Anchorage,61.265377,-149.92735
2026-09-03 18:00:00,12.6,2.6,Anchorage,61.265377,-149.92735
2026-09-03 19:00:00,14.3,3.5,Anchorage,61.265377,-149.92735
2026-09-03 20:00:00,15.9,3.7,Anchorage,61.265377,-149.92735
2026-09-03 21:00:00,16.8,3.9,Anchorage,61.265377,-149.92735
2026-09-03 22:00:00,17.6,3.5,Anchorage,61.265377,-149.92735
2026-09-03 23:00:00,18.2,3.9,Anchorage,61.265377,-149.92735
2026-09-04 00:00:00,18.5,4.5,Anchorage,61.265377,-149.92735
2026-09-04 01:00:00,18.6,3.0,Anchorage,61.265377,-149.92735
2026-09-04 02:00:00,18.4,2.5,Anchorage,61.265377,-149.92735
2026-09-04 03:00:00,17.2,2.7,Anchorage,61.265377,-149.92735
2026-09-04 04:00:00,15.5,7.5,Anchorage,61.265377,-149.92735
2026-09-04 05:00:00,13.4,6.5,Anchorage,61.265377,-149.92735
2026-09-04 06:00:00,12.5,2.1,Anchorage,61.265377,-149.92735
2026-09-04 07:00:00,12.1,1.9,Anchorage,61.265377,-149.92735
2026-09-04 08:00:00,11.6,5.2,Anchorage,61.265377,-149.92735
2026-09-04 09:00:00,10.9,6.4,Anchorage,61.265377,-149.92735
2026-09-04 10:00:00,10.3,7.5,Anchorage,61.265377,-149.92735
2026-09-04 11:00:00,9.9,4.9,Anchorage,61.265377,-149.92735
2026-09-04 12:00:00,9.5,4.8,Anchorage,61.265377,-149.92735
2026-09-04 13:00:00,9.8,4.0,Anchorage,61.265377,-149.92735
2026-09-04 14:00:00,10.3,3.6,Anchorage,61.265377,-149.92735
2026-09-04 15:00:00,10.5,3.4,Anchorage,61.265377,-149.92735
2026-09-04 16:00:00,11.2,2.8,Anchorage,61.265377,-149.92735
2026-09-04 17:00:00,12.3,0.2,Anchorage,61.265377,-149.92735
2026-09-04 18:00:00,13.8,3.0,Anchorage,61.265377,-149.92735
2026-09-04 19:00:00,14.8,2.7,Anchorage,61.265377,-149.92735
2026-09-04 20:00:00,16.4,1.1,Anchorage,61.265377,-149.92735
2026-09-04 21:00:00,16.8,2.6,Anchorage,61.265377,-149.92735
2026-09-04 22:00:00,17.5,3.6,Anchorage,61.265377,-149.92735
2026-09-04 23:00:00,18.1,6.1,Anchorage,61.265377,-149.92735
2026-09-05 00:00:00,18.3,3.7,Anchorage,61.265377,-149.92735
2026-09-05 01:00:00,17.7,5.3,Anchorage,61.265377,-149.92735
2026-09-05 02:00:00,17.1,4.2,Anchorage,61.265377,-149.92735
2026-09-05 03:00:00,16.4,2.1,Anchorage,61.265377,-149.92735
2026-09-05 04:00:00,15.5,2.7,Anchorage,61.265377,-149.92735
2026-09-05 05:00:00,14.5,8.4,Anchorage,61.265377,-149.92735
2026-09-05 06:00:00,14.2,3.9,Anchorage,61.265377,-149.92735
2026-09-05 07:00:00,13.9,2.2,Anchorage,61.265377,-149.92735
2026-09-05 08:00:00,12.6,4.5,Anchorage,61.265377,-149.92735
2026-09-05 09:00:00,12.6,3.8,Anchorage,61.265377,-149.92735
2026-09-05 10:00:00,12.8,2.9,Anchorage,61.265377,-149.92735
2026-09-05 11:00:00,13.0,1.0,Anchorage,61.265377,-149.92735
2026-09-05 12:00:00,12.9,2.6,Anchorage,61.265377,-149.92735
2026-09-05 13:00:00,13.1,3.4,Anchorage,61.265377,-149.92735
2026-09-05 14:00:00,13.0,8.7,Anchorage,61.265377,-149.92735
2026-09-05 15:00:00,13.2,7.4,Anchorage,61.265377,-149.92735
2026-09-05 16:00:00,13.1,5.0,Anchorage,61.265377,-149.92735
2026-09-05 17:00:00,13.5,4.8,Anchorage,61.265377,-149.92735
2026-09-05 18:00:00,14.4,7.4,Anchorage,61.265377,-149.92735
2026-09-05 19:00:00,15.9,8.1,Anchorage,61.265377,-149.92735
2026-09-05 20:00:00,16.6,9.7,Anchorage,61.265377,-149.92735
2026-09-05 21:00:00,18.9,18.1,Anchorage,61.265377,-149.92735
2026-09-05 22:00:00,18.3,21.5,Anchorage,61.265377,-149.92735
2026-09-05 23:00:00,18.9,19.9,Anchorage,61.265377,-149.92735
2026-09-06 00:00:00,19.5,16.1,Anchorage,61.265377,-149.92735
2026-09-06 01:00:00,19.3,16.7,Anchorage,61.265377,-149.92735
2026-09-06 02:00:00,19.1,14.5,Anchorage,61.265377,-149.92735
2026-09-06 03:00:00,18.5,12.5,Anchorage,61.265377,-149.92735
2026-09-06 04:00:00,16.9,9.0,Anchorage,61.265377,-149.92735
2026-09-06 05:00:00,14.5,8.6,Anchorage,61.265377,-149.92735
2026-09-06 06:00:00,13.8,9.3,Anchorage,61.265377,-149.92735
2026-09-06 07:00:00,13.4,8.7,Anchorage,61.265377,-149.92735
2026-09-06 08:00:00,12.8,8.2,Anchorage,61.265377,-149.92735
2026-09-06 09:00:00,12.4,5.5,Anchorage,61.265377,-149.92735
2026-09-06 10:00:00,12.4,2.2,Anchorage,61.265377,-149.92735
2026-09-06 11:00:00,12.2,0.6,Anchorage,61.265377,-149.92735
2026-09-06 12:00:00,11.6,0.4,Anchorage,61.265377,-149.92735
2026-09-06 13:00:00,11.3,1.5,Anchorage,61.265377,-149.92735
2026-09-06 14:00:00,11.2,1.8,Anchorage,61.265377,-149.92735
2026-09-06 15:00:00,11.6,1.5,Anchorage,61.265377,-149.92735
2026-09-06 16:00:00,11.8,0.0,Anchorage,61.265377,-149.92735
2026-09-06 17:00:00,12.9,3.5,Anchorage,61.265377,-149.92735
2026-09-06 18:00:00,13.3,4.9,Anchorage,61.265377,-149.92735
2026-09-06 19:00:00,14.2,6.2,Anchorage,61.265377,-149.92735
2026-09-06 20:00:00,14.5,6.6,Anchorage,61.265377,-149.92735
2026-09-06 21:00:00,14.9,6.2,Anchorage,61.265377,-149.92735
2026-09-06 22:00:00,14.8,6.0,Anchorage,61.265377,-149.92735
2026-09-06 23:00:00,14.5,4.1,Anchorage,61.265377,-149.92735
2026-09-07 00:00:00,13.5,6.5,Anchorage,61.265377,-149.92735
2026-09-07 01:00:00,13.0,5.2,Anchorage,61.265377,-149.92735
2026-09-07 02:00:00,12.9,7.6,Anchorage,61.265377,-149.92735
2026-09-07 03:00:00,12.8,3.5,Anchorage,61.265377,-149.92735
2026-09-07 04:00:00,12.4,4.5,Anchorage,61.265377,-149.92735
2026-09-07 05:00:00,12.3,7.2,Anchorage,61.265377,-149.92735
2026-09-07 06:00:00,12.2,7.3,Anchorage,61.265377,-149.92735
2026-09-07 07:00:00,12.1,8.4,Anchorage,61.265377,-149.92735
2026-09-07 08:00:00,12.1,9.4,Anchorage,61.265377,-149.92735
2026-09-07 09:00:00,12.1,10.2,Anchorage,61.265377,-149.92735
2026-09-07 10:00:00,12.0,10.3,Anchorage,61.265377,-149.92735
2026-09-07 11:00:00,11.9,10.1,Anchorage,61.265377,-149.92735
2026-09-07 12:00:00,11.7,9.7,Anchorage,61.265377,-149.92735
2026-09-07 13:00:00,11.5,9.0,Anchorage,61.265377,-149.92735
2026-09-07 14:00:00,11.2,8.1,Anchorage,61.265377,-149.92735
2026-09-07 15:00:00,11.1,7.6,Anchorage,61.265377,-149.92735
2026-09-07 16:00:00,11.2,7.8,Anchorage,61.265377,-149.92735
2026-09-07 17:00:00,11.5,8.4,Anchorage,61.265377,-149.92735
2026-09-07 18:00:00,11.8,8.7,Anchorage,61.265377,-149.92735
2026-09-07 19:00:00,12.1,8.3,Anchorage,61.265377,-149.92735
2026-09-07 20:00:00,12.6,7.8,Anchorage,61.265377,-149.92735
2026-09-07 21:00:00,12.8,7.2,Anchorage,61.265377,-149.92735
2026-09-07 22:00:00,12.8,7.0,Anchorage,61.265377,-149.92735
2026-09-07 23:00:00,12.7,7.0,Anchorage,61.265377,-149.92735
2026-09-08 00:00:00,12.5,7.1,Anchorage,61.265377,-149.92735
2026-09-08 01:00:00,12.5,7.3,Anchorage,61.265377,-149.92735
2026-09-08 02:00:00,12.4,7.7,Anchorage,61.265377,-149.92735
2026-09-08 03:00:00,12.4,7.4,Anchorage,61.265377,-149.92735
2026-09-08 04:00:00,12.4,6.1,Anchorage,61.265377,-149.92735
2026-09-08 05:00:00,12.3,4.3,Anchorage,61.265377,-149.92735
2026-09-08 06:00:00,12.4,2.9,Anchorage,61.265377,-149.92735
2026-09-08 07:00:00,12.5,2.4,Anchorage,61.265377,-149.92735
2026-09-08 08:00:00,12.6,2.3,Anchorage,61.265377,-149.92735
2026-09-08 09:00:00,12.7,2.3,Anchorage,61.265377,-149.92735
2026-09-08 10:00:00,12.6,2.2,Anchorage,61.265377,-149.92735
2026-09-08 11:00:00,12.3,2.3,Anchorage,61.265377,-149.92735
2026-09-08 12:00:00,12.2,1.2,Anchorage,61.265377,-149.92735
2026-09-08 13:00:00,12.3,2.3,Anchorage,61.265377,-149.92735
2026-09-08 14:00:00,12.4,7.2,Anchorage,61.265377,-149.92735
2026-09-08 15:00:00,12.6,11.8,Anchorage,61.265377,-149.92735
2026-09-08 16:00:00,12.7,15.8,Anchorage,61.265377,-149.92735
2026-09-08 17:00:00,12.9,19.7,Anchorage,61.265377,-149.92735
2026-09-08 18:00:00,13.4,23.0,Anchorage,61.265377,-149.92735
2026-09-08 19:00:00,14.4,25.4,Anchorage,61.265377,-149.92735
2026-09-08 20:00:00,15.7,27.4,Anchorage,61.265377,-149.92735
2026-09-08 21:00:00,16.6,28.4,Anchorage,61.265377,-149.92735
2026-09-08 22:00:00,16.7,27.6,Anchorage,61.265377,-149.92735
2026-09-08 23:00:00,16.4,26.1,Anchorage,61.265377,-149.92735
2026-09-09 00:00:00,16.1,25.1,Anchorage,61.265377,-149.92735
2026-09-09 01:00:00,16.0,25.8,Anchorage,61.265377,-149.92735
2026-09-09 02:00:00,16.0,27.1,Anchorage,61.265377,-149.92735
2026-09-09 03:00:00,15.7,28.1,Anchorage,61.265377,-149.92735
2026-09-09 04:00:00,15.1,28.2,Anchorage,61.265377,-149.92735
2026-09-09 05:00:00,14.4,28.2,Anchorage,61.265377,-149.92735
2026-09-09 06:00:00,13.7,27.6,Anchorage,61.265377,-149.92735
2026-09-09 07:00:00,13.4,26.2,Anchorage,61.265377,-149.92735
2026-09-09 08:00:00,13.2,24.4,Anchorage,61.265377,-149.92735
2026-09-09 09:00:00,12.8,22.4,Anchorage,61.265377,-149.92735
2026-09-09 10:00:00,11.5,20.3,Anchorage,61.265377,-149.92735
2026-09-09 11:00:00,11.1,18.5,Anchorage,61.265377,-149.92735
2026-09-09 12:00:00,10.9,17.1,Anchorage,61.265377,-149.92735
2026-09-09 13:00:00,11.0,16.5,Anchorage,61.265377,-149.92735
2026-09-09 14:00:00,11.4,16.4,Anchorage,61.265377,-149.92735
2026-09-09 15:00:00,11.9,16.5,Anchorage,61.265377,-149.92735
2026-09-09 16:00:00,12.4,16.6,Anchorage,61.265377,-149.92735
2026-09-09 17:00:00,13.0,16.6,Anchorage,61.265377,-149.92735
2026-09-09 18:00:00,13.6,16.1,Anchorage,61.265377,-149.92735
2026-09-09 19:00:00,14.2,15.2,Anchorage,61.265377,-149.92735
2026-09-09 20:00:00,15.0,13.8,Anchorage,61.265377,-149.92735
2026-09-09 21:00:00,15.8,12.3,Anchorage,61.265377,-149.92735
2026-09-09 22:00:00,16.5,10.7,Anchorage,61.265377,-149.92735
2026-09-09 23:00:00,16.9,9.0,Anchorage,61.265377,-149.92735
2026-09-03 00:00:00,16.6,6.6,Anchorage,61.265377,-149.92735
2026-09-03 01:00:00,16.6,5.5,Anchorage,61.265377,-149.92735
2026-09-03 02:00:00,16.6,4.8,Anchorage,61.265377,-149.92735
2026-09-03 03:00:00,16.3,3.0,Anchorage,61.265377,-149.92735
2026-09-03 04:00:00,14.4,3.2,Anchorage,61.265377,-149.92735
2026-09-03 05:00:00,11.9,3.4,Anchorage,61.265377,-149.92735
2026-09-03 06:00:00,10.3,2.8,Anchorage,61.265377,-149.92735
2026-09-03 07:00:00,9.7,3.3,Anchorage,61.265377,-149.92735
2026-09-03 08:00:00,8.8,3.5,Anchorage,61.265377,-149.92735
2026-09-03 09:00:00,8.2,4.3,Anchorage,61.265377,-149.92735
2026-09-03 10:00:00,7.5,4.1,Anchorage,61.265377,-149.92735
2026-09-03 11:00:00,8.0,2.3,Anchorage,61.265377,-149.92735
2026-09-03 12:00:00,6.8,1.5,Anchorage,61.265377,-149.92735
2026-09-03 13:00:00,7.1,2.2,Anchorage,61.265377,-149.92735
2026-09-03 14:00:00,6.9,2.5,Anchorage,61.265377,-149.92735
2026-09-03 15:00:00,7.1,2.0,Anchorage,61.265377,-149.92735
2026-09-03 16:00:00,8.5,1.8,Anchorage,61.265377,-149.92735
2026-09-03 17:00:00,10.6,3.4,Anchorage,61.265377,-149.92735
2026-09-03 18:00:00,12.6,2.6,Anchorage,61.265377,-149.92735
2026-09-03 19:00:00,14.3,3.5,Anchorage,61.265377,-149.92735
2026-09-03 20:00:00,15.9,3.7,Anchorage,61.265377,-149.92735
2026-09-03 21:00:00,16.8,3.9,Anchorage,61.265377,-149.92735
2026-09-03 22:00:00,17.6,3.5,Anchorage,61.265377,-149.92735
2026-09-03 23:00:00,18.2,3.9,Anchorage,61.265377,-149.92735
2026-09-04 00:00:00,18.5,4.5,Anchorage,61.265377,-149.92735
2026-09-04 01:00:00,18.6,3.0,Anchorage,61.265377,-149.92735
2026-09-04 02:00:00,18.4,2.5,Anchorage,61.265377,-149.92735
2026-09-04 03:00:00,17.2,2.7,Anchorage,61.265377,-149.92735
2026-09-04 04:00:00,15.5,7.5,Anchorage,61.265377,-149.92735
2026-09-04 05:00:00,13.4,6.5,Anchorage,61.265377,-149.92735
2026-09-04 06:00:00,12.5,2.1,Anchorage,61.265377,-149.92735
2026-09-04 07:00:00,12.1,1.9,Anchorage,61.265377,-149.92735
2026-09-04 08:00:00,11.6,5.2,Anchorage,61.265377,-149.92735
2026-09-04 09:00:00,10.9,6.4,Anchorage,61.265377,-149.92735
2026-09-04 10:00:00,10.3,7.5,Anchorage,61.265377,-149.92735
2026-09-04 11:00:00,9.9,4.9,Anchorage,61.265377,-149.92735
2026-09-04 12:00:00,9.5,4.8,Anchorage,61.265377,-149.92735
2026-09-04 13:00:00,9.8,4.0,Anchorage,61.265377,-149.92735
2026-09-04 14:00:00,10.3,3.6,Anchorage,61.265377,-149.92735
2026-09-04 15:00:00,10.5,3.4,Anchorage,61.265377,-149.92735
2026-09-04 16:00:00,11.2,2.8,Anchorage,61.265377,-149.92735
2026-09-04 17:00:00,12.3,0.2,Anchorage,61.265377,-149.92735
2026-09-04 18:00:00,13.8,3.0,Anchorage,61.265377,-149.92735
2026-09-04 19:00:00,14.8,2.7,Anchorage,61.265377,-149.92735
2026-09-04 20:00:00,16.4,1.1,Anchorage,61.265377,-149.92735
2026-09-04 21:00:00,16.8,2.6,Anchorage,61.265377,-149.92735
2026-09-04 22:00:00,17.5,3.6,Anchorage,61.265377,-149.92735
2026-09-04 23:00:00,18.1,6.1,Anchorage,61.265377,-149.92735
2026-09-05 00:00:00,18.3,3.7,Anchorage,61.265377,-149.92735
2026-09-05 01:00:00,17.7,5.3,Anchorage,61.265377,-149.92735
2026-09-05 02:00:00,17.1,4.2,Anchorage,61.265377,-149.92735
2026-09-05 03:00:00,16.4,2.1,Anchorage,61.265377,-149.92735
2026-09-05 04:00:00,15.5,2.7,Anchorage,61.265377,-149.92735
2026-09-05 05:00:00,14.5,8.4,Anchorage,61.265377,-149.92735
2026-09-05 06:00:00,14.2,3.9,Anchorage,61.265377,-149.92735
2026-09-05 07:00:00,13.9,2.2,Anchorage,61.265377,-149.92735
2026-09-05 08:00:00,12.6,4.5,Anchorage,61.265377,-149.92735
2026-09-05 09:00:00,12.6,3.8,Anchorage,61.265377,-149.92735
2026-09-05 10:00:00,12.8,2.9,Anchorage,61.265377,-149.92735
2026-09-05 11:00:00,13.0,1.0,Anchorage,61.265377,-149.92735
2026-09-05 12:00:00,12.9,2.6,Anchorage,61.265377,-149.92735
2026-09-05 13:00:00,13.1,3.4,Anchorage,61.265377,-149.92735
2026-09-05 14:00:00,13.0,8.7,Anchorage,61.265377,-149.92735
2026-09-05 15:00:00,13.2,7.4,Anchorage,61.265377,-149.92735
2026-09-05 16:00:00,13.1,5.0,Anchorage,61.265377,-149.92735
2026-09-05 17:00:00,13.5,4.8,Anchorage,61.265377,-149.92735
2026-09-05 18:00:00,14.4,7.4,Anchorage,61.265377,-149.92735
2026-09-05 19:00:00,15.9,8.1,Anchorage,61.265377,-149.92735
2026-09-05 20:00:00,16.6,9.7,Anchorage,61.265377,-149.92735
2026-09-05 21:00:00,18.9,18.1,Anchorage,61.265377,-149.92735
2026-09-05 22:00:00,18.3,21.5,Anchorage,61.265377,-149.92735
2026-09-05 23:00:00,18.9,19.9,Anchorage,61.265377,-149.92735
2026-09-06 00:00:00,19.5,16.1,Anchorage,61.265377,-149.92735
2026-09-06 01:00:00,19.3,16.7,Anchorage,61.265377,-149.92735
2026-09-06 02:00:00,19.1,14.5,Anchorage,61.265377,-149.92735
2026-09-06 03:00:00,18.5,12.5,Anchorage,61.265377,-149.92735
2026-09-06 04:00:00,16.9,9.0,Anchorage,61.265377,-149.92735
2026-09-06 05:00:00,14.5,8.6,Anchorage,61.265377,-149.92735
2026-09-06 06:00:00,13.8,9.3,Anchorage,61.265377,-149.92735
2026-09-06 07:00:00,13.4,8.7,Anchorage,61.265377,-149.92735
2026-09-06 08:00:00,12.8,8.2,Anchorage,61.265377,-149.92735
2026-09-06 09:00:00,12.4,5.5,Anchorage,61.265377,-149.92735
2026-09-06 10:00:00,12.4,2.2,Anchorage,61.265377,-149.92735
2026-09-06 11:00:00,12.2,0.6,Anchorage,61.265377,-149.92735
2026-09-06 12:00:00,11.6,0.4,Anchorage,61.265377,-149.92735
2026-09-06 13:00:00,11.3,1.5,Anchorage,61.265377,-149.92735
2026-09-06 14:00:00,11.2,1.8,Anchorage,61.265377,-149.92735
2026-09-06 15:00:00,11.6,1.5,Anchorage,61.265377,-149.92735
2026-09-06 16:00:00,11.8,0.0,Anchorage,61.265377,-149.92735
2026-09-06 17:00:00,12.9,3.5,Anchorage,61.265377,-149.92735
2026-09-06 18:00:00,13.3,4.9,Anchorage,61.265377,-149.92735
2026-09-06 19:00:00,14.2,6.2,Anchorage,61.265377,-149.92735
2026-09-06 20:00:00,14.5,6.6,Anchorage,61.265377,-149.92735
2026-09-06 21:00:00,14.9,6.2,Anchorage,61.265377,-149.92735
2026-09-06 22:00:00,14.8,6.0,Anchorage,61.265377,-149.92735
2026-09-06 23:00:00,14.5,4.1,Anchorage,61.265377,-149.92735
2026-09-07 00:00:00,13.5,6.5,Anchorage,61.265377,-149.92735
2026-09-07 01:00:00,13.0,5.2,Anchorage,61.265377,-149.92735
2026-09-07 02:00:00,12.9,7.6,Anchorage,61.265377,-149.92735
2026-09-07 03:00:00,12.8,3.5,Anchorage,61.265377,-149.92735
2026-09-07 04:00:00,12.4,4.5,Anchorage,61.265377,-149.92735
2026-09-07 05:00:00,12.3,7.2,Anchorage,61.265377,-149.92735
2026-09-07 06:00:00,12.2,7.3,Anchorage,61.265377,-149.92735
2026-09-07 07:00:00,12.1,8.4,Anchorage,61.265377,-149.92735
2026-09-07 08:00:00,12.1,9.4,Anchorage,61.265377,-149.92735
2026-09-07 09:00:00,12.1,10.2,Anchorage,61.265377,-149.92735
2026-09-07 10:00:00,12.0,10.3,Anchorage,61.265377,-149.92735
2026-09-07 11:00:00,11.9,10.1,Anchorage,61.265377,-149.92735
2026-09-07 12:00:00,11.7,9.7,Anchorage,61.265377,-149.92735
2026-09-07 13:00:00,11.5,9.0,Anchorage,61.265377,-149.92735
2026-09-07 14:00:00,11.2,8.1,Anchorage,61.265377,-149.92735
2026-09-07 15:00:00,11.1,7.6,Anchorage,61.265377,-149.92735
2026-09-07 16:00:00,11.2,7.8,Anchorage,61.265377,-149.92735
2026-09-07 17:00:00,11.5,8.4,Anchorage,61.265377,-149.92735
2026-09-07 18:00:00,11.8,8.7,Anchorage,61.265377,-149.92735
2026-09-07 19:00:00,12.1,8.3,Anchorage,61.265377,-149.92735
2026-09-07 20:00:00,12.6,7.8,Anchorage,61.265377,-149.92735
2026-09-07 21:00:00,12.8,7.2,Anchorage,61.265377,-149.92735
2026-09-07 22:00:00,12.8,7.0,Anchorage,61.265377,-149.92735
2026-09-07 23:00:00,12.7,7.0,Anchorage,61.265377,-149.92735
2026-09-08 00:00:00,12.5,7.1,Anchorage,61.265377,-149.92735
2026-09-08 01:00:00,12.5,7.3,Anchorage,61.265377,-149.92735
2026-09-08 02:00:00,12.4,7.7,Anchorage,61.265377,-149.92735
2026-09-08 03:00:00,12.4,7.4,Anchorage,61.265377,-149.92735
2026-09-08 04:00:00,12.4,6.1,Anchorage,61.265377,-149.92735
2026-09-08 05:00:00,12.3,4.3,Anchorage,61.265377,-149.92735
2026-09-08 06:00:00,12.4,2.9,Anchorage,61.265377,-149.92735
2026-09-08 07:00:00,12.5,2.4,Anchorage,61.265377,-149.92735
2026-09-08 08:00:00,12.6,2.3,Anchorage,61.265377,-149.92735
2026-09-08 09:00:00,12.7,2.3,Anchorage,61.265377,-149.92735
2026-09-08 10:00:00,12.6,2.2,Anchorage,61.265377,-149.92735
2026-09-08 11:00:00,12.3,2.3,Anchorage,61.265377,-149.92735
2026-09-08 12:00:00,12.2,1.2,Anchorage,61.265377,-149.92735
2026-09-08 13:00:00,12.3,2.3,Anchorage,61.265377,-149.92735
2026-09-08 14:00:00,12.4,7.2,Anchorage,61.265377,-149.92735
2026-09-08 15:00:00,12.6,11.8,Anchorage,61.265377,-149.92735
2026-09-08 16:00:00,12.7,15.8,Anchorage,61.265377,-149.92735
2026-09-08 17:00:00,12.9,19.7,Anchorage,61.265377,-149.92735
2026-09-08 18:00:00,13.4,23.0,Anchorage,61.265377,-149.92735
2026-09-08 19:00:00,14.4,25.4,Anchorage,61.265377,-149.92735
2026-09-08 20:00:00,15.7,27.4,Anchorage,61.265377,-149.92735
2026-09-08 21:00:00,16.6,28.4,Anchorage,61.265377,-149.92735
2026-09-08 22:00:00,16.7,27.6,Anchorage,61.265377,-149.92735
2026-09-08 23:00:00,16.4,26.1,Anchorage,61.265377,-149.92735
2026-09-09 00:00:00,16.1,25.1,Anchorage,61.265377,-149.92735
2026-09-09 01:00:00,16.0,25.8,Anchorage,61.265377,-149.92735
2026-09-09 02:00:00,16.0,27.1,Anchorage,61.265377,-149.92735
2026-09-09 03:00:00,15.7,28.1,Anchorage,61.265377,-149.92735
2026-09-09 04:00:00,15.1,28.2,Anchorage,61.265377,-149.92735
2026-09-09 05:00:00,14.4,28.2,Anchorage,61.265377,-149.92735
2026-09-09 06:00:00,13.7,27.6,Anchorage,61.265377,-149.92735
2026-09-09 07:00:00,13.4,26.2,Anchorage,61.265377,-149.92735
2026-09-09 08:00:00,13.2,24.4,Anchorage,61.265377,-149.92735
2026-09-09 09:00:00,12.8,22.4,Anchorage,61.265377,-149.92735
2026-09-09 10:00:00,11.5,20.3,Anchorage,61.265377,-149.92735
2026-09-09 11:00:00,11.1,18.5,Anchorage,61.265377,-149.92735
2026-09-09 12:00:00,10.9,17.1,Anchorage,61.265377,-149.92735
2026-09-09 13:00:00,11.0,16.5,Anchorage,61.265377,-149.92735
2026-09-09 14:00:00,11.4,16.4,Anchorage,61.265377,-149.92735
2026-09-09 15:00:00,11.9,16.5,Anchorage,61.265377,-149.92735
2026-09-09 16:00:00,12.4,16.6,Anchorage,61.265377,-149.92735
2026-09-09 17:00:00,13.0,16.6,Anchorage,61.265377,-149.92735
2026-09-09 18:00:00,13.6,16.1,Anchorage,61.265377,-149.92735
2026-09-09 19:00:00,14.2,15.2,Anchorage,61.265377,-149.92735
2026-09-09 20:00:00,15.0,13.8,Anchorage,61.265377,-149.92735
2026-09-09 21:00:00,15.8,12.3,Anchorage,61.265377,-149.92735
2026-09-09 22:00:00,16.5,10.7,Anchorage,61.265377,-149.92735
2026-09-09 23:00:00,16.9,9.0,Anchorage,61.265377,-149.92735
2026-09-03 00:00:00,28.0,12.2,Layton,41.06571,-111.97226
2026-09-03 01:00:00,26.5,12.0,Layton,41.06571,-111.97226
2026-09-03 02:00:00,23.9,12.0,Layton,41.06571,-111.97226
2026-09-03 03:00:00,23.5,8.1,Layton,41.06571,-111.97226
2026-09-03 04:00:00,22.4,10.1,Layton,41.06571,-111.97226
2026-09-03 05:00:00,20.9,12.7,Layton,41.06571,-111.97226
2026-09-03 06:00:00,20.2,10.0,Layton,41.06571,-111.97226
2026-09-03 07:00:00,19.2,6.7,Layton,41.06571,-111.97226
2026-09-03 08:00:00,18.7,1.9,Layton,41.06571,-111.97226
2026-09-03 09:00:00,18.9,5.6,Layton,41.06571,-111.97226
2026-09-03 10:00:00,16.3,6.2,Layton,41.06571,-111.97226
2026-09-03 11:00:00,15.6,4.8,Layton,41.06571,-111.97226
2026-09-03 12:00:00,15.6,4.3,Layton,41.06571,-111.97226
2026-09-03 13:00:00,14.6,8.3,Layton,41.06571,-111.97226
2026-09-03 14:00:00,17.8,6.3,Layton,41.06571,-111.97226
2026-09-03 15:00:00,19.5,7.0,Layton,41.06571,-111.97226
2026-09-03 16:00:00,22.3,7.2,Layton,41.06571,-111.97226
2026-09-03 17:00:00,23.1,6.9,Layton,41.06571,-111.97226
2026-09-03 18:00:00,24.7,10.3,Layton,41.06571,-111.97226
2026-09-03 19:00:00,25.9,9.2,Layton,41.06571,-111.97226
2026-09-03 20:00:00,27.3,10.1,Layton,41.06571,-111.97226
2026-09-03 21:00:00,28.0,11.7,Layton,41.06571,-111.97226
2026-09-03 22:00:00,28.5,9.8,Layton,41.06571,-111.97226
2026-09-03 23:00:00,28.7,13.4,Layton,41.06571,-111.97226
2026-09-04 00:00:00,28.9,24.9,Layton,41.06571,-111.97226
2026-09-04 01:00:00,28.5,15.7,Layton,41.06571,-111.97226
2026-09-04 02:00:00,25.6,12.3,Layton,41.06571,-111.97226
2026-09-04 03:00:00,24.0,13.7,Layton,41.06571,-111.97226
2026-09-04 04:00:00,23.2,15.2,Layton,41.06571,-111.97226
2026-09-04 05:00:00,22.4,16.1,Layton,41.06571,-111.97226
2026-09-04 06:00:00,22.1,17.9,Layton,41.06571,-111.97226
2026-09-04 07:00:00,21.6,19.7,Layton,41.06571,-111.97226
2026-09-04 08:00:00,21.0,20.2,Layton,41.06571,-111.97226
2026-09-04 09:00:00,20.7,21.5,Layton,41.06571,-111.97226
2026-09-04 10:00:00,20.3,20.5,Layton,41.06571,-111.97226
2026-09-04 11:00:00,19.7,18.9,Layton,41.06571,-111.97226
2026-09-04 12:00:00,19.8,19.3,Layton,41.06571,-111.97226
2026-09-04 13:00:00,19.3,17.5,Layton,41.06571,-111.97226
2026-09-04 14:00:00,20.5,17.5,Layton,41.06571,-111.97226
2026-09-04 15:00:00,23.0,24.5,Layton,41.06571,-111.97226
2026-09-04 16:00:00,24.8,28.9,Layton,41.06571,-111.97226
2026-09-04 17:00:00,26.5,29.8,Layton,41.06571,-111.97226
2026-09-04 18:00:00,27.6,32.9,Layton,41.06571,-111.97226
2026-09-04 19:00:00,28.6,33.8,Layton,41.06571,-111.97226
2026-09-04 20:00:00,29.4,34.0,Layton,41.06571,-111.97226
2026-09-04 21:00:00,29.7,37.3,Layton,41.06571,-111.97226
2026-09-04 22:00:00,30.2,36.4,Layton,41.06571,-111.97226
2026-09-04 23:00:00,30.3,34.9,Layton,41.06571,-111.97226
2026-09-05 00:00:00,29.8,32.3,Layton,41.06571,-111.97226
2026-09-05 01:00:00,28.7,26.9,Layton,41.06571,-111.97226
2026-09-05 02:00:00,26.0,18.2,Layton,41.06571,-111.97226
2026-09-05 03:00:00,24.7,17.1,Layton,41.06571,-111.97226
2026-09-05 04:00:00,24.1,18.1,Layton,41.06571,-111.97226
2026-09-05 05:00:00,23.1,16.4,Layton,41.06571,-111.97226
2026-09-05 06:00:00,22.4,17.0,Layton,41.06571,-111.97226
2026-09-05 07:00:00,21.7,17.5,Layton,41.06571,-111.97226
2026-09-05 08:00:00,21.0,17.7,Layton,41.06571,-111.97226
2026-09-05 09:00:00,20.5,17.7,Layton,41.06571,-111.97226
2026-09-05 10:00:00,20.2,17.0,Layton,41.06571,-111.97226
2026-09-05 11:00:00,19.6,16.8,Layton,41.06571,-111.97226
2026-09-05 12:00:00,18.8,15.9,Layton,41.06571,-111.97226
2026-09-05 13:00:00,17.9,15.8,Layton,41.06571,-111.97226
2026-09-05 14:00:00,19.4,15.0,Layton,41.06571,-111.97226
2026-09-05 15:00:00,24.1,21.3,Layton,41.06571,-111.97226
2026-09-05 16:00:00,25.6,26.3,Layton,41.06571,-111.97226
2026-09-05 17:00:00,27.5,22.8,Layton,41.06571,-111.97226
2026-09-05 18:00:00,28.6,22.0,Layton,41.06571,-111.97226
2026-09-05 19:00:00,29.7,20.5,Layton,41.06571,-111.97226
2026-09-05 20:00:00,30.0,19.2,Layton,41.06571,-111.97226
2026-09-05 21:00:00,30.1,19.5,Layton,41.06571,-111.97226
2026-09-05 22:00:00,30.4,22.4,Layton,41.06571,-111.97226
2026-09-05 23:00:00,30.2,20.0,Layton,41.06571,-111.97226
2026-09-06 00:00:00,29.9,23.7,Layton,41.06571,-111.97226
2026-09-06 01:00:00,28.1,17.4,Layton,41.06571,-111.97226
2026-09-06 02:00:00,23.8,15.9,Layton,41.06571,-111.97226
2026-09-06 03:00:00,22.5,14.1,Layton,41.06571,-111.97226
2026-09-06 04:00:00,21.5,16.7,Layton,41.06571,-111.97226
2026-09-06 05:00:00,21.4,16.0,Layton,41.06571,-111.97226
2026-09-06 06:00:00,21.0,16.8,Layton,41.06571,-111.97226
2026-09-06 07:00:00,20.8,16.2,Layton,41.06571,-111.97226
2026-09-06 08:00:00,21.7,17.8,Layton,41.06571,-111.97226
2026-09-06 09:00:00,20.6,14.5,Layton,41.06571,-111.97226
2026-09-06 10:00:00,19.2,14.7,Layton,41.06571,-111.97226
2026-09-06 11:00:00,17.8,13.7,Layton,41.06571,-111.97226
2026-09-06 12:00:00,16.6,10.1,Layton,41.06571,-111.97226
2026-09-06 13:00:00,15.3,15.2,Layton,41.06571,-111.97226
2026-09-06 14:00:00,16.3,19.1,Layton,41.06571,-111.97226
2026-09-06 15:00:00,17.0,12.3,Layton,41.06571,-111.97226
2026-09-06 16:00:00,22.3,11.4,Layton,41.06571,-111.97226
2026-09-06 17:00:00,25.9,9.7,Layton,41.06571,-111.97226
2026-09-06 18:00:00,27.7,13.5,Layton,41.06571,-111.97226
2026-09-06 19:00:00,28.5,12.9,Layton,41.06571,-111.97226
2026-09-06 20:00:00,27.7,29.7,Layton,41.06571,-111.97226
2026-09-06 21:00:00,21.2,14.7,Layton,41.06571,-111.97226
2026-09-06 22:00:00,25.7,12.4,Layton,41.06571,-111.97226
2026-09-06 23:00:00,27.4,3.6,Layton,41.06571,-111.97226
2026-09-07 00:00:00,26.0,10.5,Layton,41.06571,-111.97226
2026-09-07 01:00:00,22.9,11.6,Layton,41.06571,-111.97226
2026-09-07 02:00:00,18.8,8.2,Layton,41.06571,-111.97226
2026-09-07 03:00:00,16.9,17.4,Layton,41.06571,-111.97226
2026-09-07 04:00:00,15.8,13.0,Layton,41.06571,-111.97226
2026-09-07 05:00:00,15.7,6.1,Layton,41.06571,-111.97226
2026-09-07 06:00:00,15.9,5.8,Layton,41.06571,-111.97226
2026-09-07 07:00:00,15.5,9.6,Layton,41.06571,-111.97226
2026-09-07 08:00:00,15.7,17.7,Layton,41.06571,-111.97226
2026-09-07 09:00:00,15.7,6.9,Layton,41.06571,-111.97226
2026-09-07 10:00:00,15.2,7.6,Layton,41.06571,-111.97226
2026-09-07 11:00:00,14.8,11.6,Layton,41.06571,-111.97226
2026-09-07 12:00:00,14.6,12.3,Layton,41.06571,-111.97226
2026-09-07 13:00:00,14.5,14.1,Layton,41.06571,-111.97226
2026-09-07 14:00:00,16.1,13.5,Layton,41.06571,-111.97226
2026-09-07 15:00:00,19.5,15.6,Layton,41.06571,-111.97226
2026-09-07 16:00:00,21.7,29.2,Layton,41.06571,-111.97226
2026-09-07 17:00:00,24.3,24.5,Layton,41.06571,-111.97226
2026-09-07 18:00:00,25.9,21.7,Layton,41.06571,-111.97226
2026-09-07 19:00:00,26.2,18.0,Layton,41.06571,-111.97226
2026-09-07 20:00:00,26.1,18.4,Layton,41.06571,-111.97226
2026-09-07 21:00:00,25.0,18.4,Layton,41.06571,-111.97226
2026-09-07 22:00:00,26.1,12.8,Layton,41.06571,-111.97226
2026-09-07 23:00:00,23.8,29.3,Layton,41.06571,-111.97226
2026-09-08 00:00:00,22.8,18.0,Layton,41.06571,-111.97226
2026-09-08 01:00:00,22.7,11.8,Layton,41.06571,-111.97226
2026-09-08 02:00:00,20.2,9.3,Layton,41.06571,-111.97226
2026-09-08 03:00:00,18.7,9.6,Layton,41.06571,-111.97226
2026-09-08 04:00:00,17.6,8.3,Layton,41.06571,-111.97226
2026-09-08 05:00:00,16.5,3.2,Layton,41.06571,-111.97226
2026-09-08 06:00:00,15.7,5.7,Layton,41.06571,-111.97226
2026-09-08 07:00:00,14.8,7.0,Layton,41.06571,-111.97226
2026-09-08 08:00:00,14.1,7.6,Layton,41.06571,-111.97226
2026-09-08 09:00:00,13.7,7.4,Layton,41.06571,-111.97226
2026-09-08 10:00:00,13.2,7.6,Layton,41.06571,-111.97226
2026-09-08 11:00:00,13.0,7.9,Layton,41.06571,-111.97226
2026-09-08 12:00:00,12.7,7.2,Layton,41.06571,-111.97226
2026-09-08 13:00:00,13.8,6.1,Layton,41.06571,-111.97226
2026-09-08 14:00:00,15.5,5.5,Layton,41.06571,-111.97226
2026-09-08 15:00:00,17.3,4.6,Layton,41.06571,-111.97226
2026-09-08 16:00:00,19.2,3.8,Layton,41.06571,-111.97226
2026-09-08 17:00:00,21.2,6.6,Layton,41.06571,-111.97226
2026-09-08 18:00:00,22.7,9.8,Layton,41.06571,-111.97226
2026-09-08 19:00:00,23.6,10.8,Layton,41.06571,-111.97226
2026-09-08 20:00:00,24.1,10.8,Layton,41.06571,-111.97226
2026-09-08 21:00:00,24.4,10.5,Layton,41.06571,-111.97226
2026-09-08 22:00:00,24.9,10.9,Layton,41.06571,-111.97226
2026-09-08 23:00:00,25.2,10.9,Layton,41.06571,-111.97226
2026-09-09 00:00:00,24.6,10.0,Layton,41.06571,-111.97226
2026-09-09 01:00:00,22.4,6.2,Layton,41.06571,-111.97226
2026-09-09 02:00:00,19.3,3.4,Layton,41.06571,-111.97226
2026-09-09 03:00:00,17.0,6.6,Layton,41.06571,-111.97226
2026-09-09 04:00:00,16.6,9.0,Layton,41.06571,-111.97226
2026-09-09 05:00:00,17.0,10.1,Layton,41.06571,-111.97226
2026-09-09 06:00:00,17.3,11.2,Layton,41.06571,-111.97226
2026-09-09 07:00:00,17.2,11.9,Layton,41.06571,-111.97226
2026-09-09 08:00:00,17.0,11.9,Layton,41.06571,-111.97226
2026-09-09 09:00:00,16.9,12.0,Layton,41.06571,-111.97226
2026-09-09 10:00:00,17.2,11.4,Layton,41.06571,-111.97226
2026-09-09 11:00:00,17.7,10.7,Layton,41.06571,-111.97226
2026-09-09 12:00:00,18.2,9.9,Layton,41.06571,-111.97226
2026-09-09 13:00:00,18.7,9.8,Layton,41.06571,-111.97226
2026-09-09 14:00:00,19.3,10.9,Layton,41.06571,-111.97226
2026-09-09 15:00:00,20.3,11.3,Layton,41.06571,-111.97226
2026-09-09 16:00:00,22.2,7.9,Layton,41.06571,-111.97226
2026-09-09 17:00:00,24.6,4.5,Layton,41.06571,-111.97226
2026-09-09 18:00:00,26.1,6.0,Layton,41.06571,-111.97226
2026-09-09 19:00:00,26.2,9.4,Layton,41.06571,-111.97226
2026-09-09 20:00:00,25.6,12.7,Layton,41.06571,-111.97226
2026-09-09 21:00:00,25.0,14.9,Layton,41.06571,-111.97226
2026-09-09 22:00:00,25.0,15.9,Layton,41.06571,-111.97226
2026-09-09 23:00:00,25.1,16.3,Layton,41.06571,-111.97226
2026-09-03 00:00:00,28.0,12.2,Layton,41.06571,-111.97226
2026-09-03 01:00:00,26.5,12.0,Layton,41.06571,-111.97226
2026-09-03 02:00:00,23.9,12.0,Layton,41.06571,-111.97226
2026-09-03 03:00:00,23.5,8.1,Layton,41.06571,-111.97226
2026-09-03 04:00:00,22.4,10.1,Layton,41.06571,-111.97226
2026-09-03 05:00:00,20.9,12.7,Layton,41.06571,-111.97226
2026-09-03 06:00:00,20.2,10.0,Layton,41.06571,-111.97226
2026-09-03 07:00:00,19.2,6.7,Layton,41.06571,-111.97226
2026-09-03 08:00:00,18.7,1.9,Layton,41.06571,-111.97226
2026-09-03 09:00:00,18.9,5.6,Layton,41.06571,-111.97226
2026-09-03 10:00:00,16.3,6.2,Layton,41.06571,-111.97226
2026-09-03 11:00:00,15.6,4.8,Layton,41.06571,-111.97226
2026-09-03 12:00:00,15.6,4.3,Layton,41.06571,-111.97226
2026-09-03 13:00:00,14.6,8.3,Layton,41.06571,-111.97226
2026-09-03 14:00:00,17.8,6.3,Layton,41.06571,-111.97226
2026-09-03 15:00:00,19.5,7.0,Layton,41.06571,-111.97226
2026-09-03 16:00:00,22.3,7.2,Layton,41.06571,-111.97226
2026-09-03 17:00:00,23.1,6.9,Layton,41.06571,-111.97226
2026-09-03 18:00:00,24.7,10.3,Layton,41.06571,-111.97226
2026-09-03 19:00:00,25.9,9.2,Layton,41.06571,-111.97226
2026-09-03 20:00:00,27.3,10.1,Layton,41.06571,-111.97226
2026-09-03 21:00:00,28.0,11.7,Layton,41.06571,-111.97226
2026-09-03 22:00:00,28.5,9.8,Layton,41.06571,-111.97226
2026-09-03 23:00:00,28.7,13.4,Layton,41.06571,-111.97226
2026-09-04 00:00:00,28.9,24.9,Layton,41.06571,-111.97226
2026-09-04 01:00:00,28.5,15.7,Layton,41.06571,-111.97226
2026-09-04 02:00:00,25.6,12.3,Layton,41.06571,-111.97226
2026-09-04 03:00:00,24.0,13.7,Layton,41.06571,-111.97226
2026-09-04 04:00:00,23.2,15.2,Layton,41.06571,-111.97226
2026-09-04 05:00:00,22.4,16.1,Layton,41.06571,-111.97226
2026-09-04 06:00:00,22.1,17.9,Layton,41.06571,-111.97226
2026-09-04 07:00:00,21.6,19.7,Layton,41.06571,-111.97226
2026-09-04 08:00:00,21.0,20.2,Layton,41.06571,-111.97226
2026-09-04 09:00:00,20.7,21.5,Layton,41.06571,-111.97226
2026-09-04 10:00:00,20.3,20.5,Layton,41.06571,-111.97226
2026-09-04 11:00:00,19.7,18.9,Layton,41.06571,-111.97226
2026-09-04 12:00:00,19.8,19.3,Layton,41.06571,-111.97226
2026-09-04 13:00:00,19.3,17.5,Layton,41.06571,-111.97226
2026-09-04 14:00:00,20.5,17.5,Layton,41.06571,-111.97226
2026-09-04 15:00:00,23.0,24.5,Layton,41.06571,-111.97226
2026-09-04 16:00:00,24.8,28.9,Layton,41.06571,-111.97226
2026-09-04 17:00:00,26.5,29.8,Layton,41.06571,-111.97226
2026-09-04 18:00:00,27.6,32.9,Layton,41.06571,-111.97226
2026-09-04 19:00:00,28.6,33.8,Layton,41.06571,-111.97226
2026-09-04 20:00:00,29.4,34.0,Layton,41.06571,-111.97226
2026-09-04 21:00:00,29.7,37.3,Layton,41.06571,-111.97226
2026-09-04 22:00:00,30.2,36.4,Layton,41.06571,-111.97226
2026-09-04 23:00:00,30.3,34.9,Layton,41.06571,-111.97226
2026-09-05 00:00:00,29.8,32.3,Layton,41.06571,-111.97226
2026-09-05 01:00:00,28.7,26.9,Layton,41.06571,-111.97226
2026-09-05 02:00:00,26.0,18.2,Layton,41.06571,-111.97226
2026-09-05 03:00:00,24.7,17.1,Layton,41.06571,-111.97226
2026-09-05 04:00:00,24.1,18.1,Layton,41.06571,-111.97226
2026-09-05 05:00:00,23.1,16.4,Layton,41.06571,-111.97226
2026-09-05 06:00:00,22.4,17.0,Layton,41.06571,-111.97226
2026-09-05 07:00:00,21.7,17.5,Layton,41.06571,-111.97226
2026-09-05 08:00:00,21.0,17.7,Layton,41.06571,-111.97226
2026-09-05 09:00:00,20.5,17.7,Layton,41.06571,-111.97226
2026-09-05 10:00:00,20.2,17.0,Layton,41.06571,-111.97226
2026-09-05 11:00:00,19.6,16.8,Layton,41.06571,-111.97226
2026-09-05 12:00:00,18.8,15.9,Layton,41.06571,-111.97226
2026-09-05 13:00:00,17.9,15.8,Layton,41.06571,-111.97226
2026-09-05 14:00:00,19.4,15.0,Layton,41.06571,-111.97226
2026-09-05 15:00:00,24.1,21.3,Layton,41.06571,-111.97226
2026-09-05 16:00:00,25.6,26.3,Layton,41.06571,-111.97226
2026-09-05 17:00:00,27.5,22.8,Layton,41.06571,-111.97226
2026-09-05 18:00:00,28.6,22.0,Layton,41.06571,-111.97226
2026-09-05 19:00:00,29.7,20.5,Layton,41.06571,-111.97226
2026-09-05 20:00:00,30.0,19.2,Layton,41.06571,-111.97226
2026-09-05 21:00:00,30.1,19.5,Layton,41.06571,-111.97226
2026-09-05 22:00:00,30.4,22.4,Layton,41.06571,-111.97226
2026-09-05 23:00:00,30.2,20.0,Layton,41.06571,-111.97226
2026-09-06 00:00:00,29.9,23.7,Layton,41.06571,-111.97226
2026-09-06 01:00:00,28.1,17.4,Layton,41.06571,-111.97226
2026-09-06 02:00:00,23.8,15.9,Layton,41.06571,-111.97226
2026-09-06 03:00:00,22.5,14.1,Layton,41.06571,-111.97226
2026-09-06 04:00:00,21.5,16.7,Layton,41.06571,-111.97226
2026-09-06 05:00:00,21.4,16.0,Layton,41.06571,-111.97226
2026-09-06 06:00:00,21.0,16.8,Layton,41.06571,-111.97226
2026-09-06 07:00:00,20.8,16.2,Layton,41.06571,-111.97226
2026-09-06 08:00:00,21.7,17.8,Layton,41.06571,-111.97226
2026-09-06 09:00:00,20.6,14.5,Layton,41.06571,-111.97226
2026-09-06 10:00:00,19.2,14.7,Layton,41.06571,-111.97226
2026-09-06 11:00:00,17.8,13.7,Layton,41.06571,-111.97226
2026-09-06 12:00:00,16.6,10.1,Layton,41.06571,-111.97226
2026-09-06 13:00:00,15.3,15.2,Layton,41.06571,-111.97226
2026-09-06 14:00:00,16.3,19.1,Layton,41.06571,-111.97226
2026-09-06 15:00:00,17.0,12.3,Layton,41.06571,-111.97226
2026-09-06 16:00:00,22.3,11.4,Layton,41.06571,-111.97226
2026-09-06 17:00:00,25.9,9.7,Layton,41.06571,-111.97226
2026-09-06 18:00:00,27.7,13.5,Layton,41.06571,-111.97226
2026-09-06 19:00:00,28.5,12.9,Layton,41.06571,-111.97226
2026-09-06 20:00:00,27.7,29.7,Layton,41.06571,-111.97226
2026-09-06 21:00:00,21.2,14.7,Layton,41.06571,-111.97226
2026-09-06 22:00:00,25.7,12.4,Layton,41.06571,-111.97226
2026-09-06 23:00:00,27.4,3.6,Layton,41.06571,-111.97226
2026-09-07 00:00:00,26.0,10.5,Layton,41.06571,-111.97226
2026-09-07 01:00:00,22.9,11.6,Layton,41.06571,-111.97226
2026-09-07 02:00:00,18.8,8.2,Layton,41.06571,-111.97226
2026-09-07 03:00:00,16.9,17.4,Layton,41.06571,-111.97226
2026-09-07 04:00:00,15.8,13.0,Layton,41.06571,-111.97226
2026-09-07 05:00:00,15.7,6.1,Layton,41.06571,-111.97226
2026-09-07 06:00:00,15.9,5.8,Layton,41.06571,-111.97226
2026-09-07 07:00:00,15.5,9.6,Layton,41.06571,-111.97226
2026-09-07 08:00:00,15.7,17.7,Layton,41.06571,-111.97226
2026-09-07 09:00:00,15.7,6.9,Layton,41.06571,-111.97226
2026-09-07 10:00:00,15.2,7.6,Layton,41.06571,-111.97226
2026-09-07 11:00:00,14.8,11.6,Layton,41.06571,-111.97226
2026-09-07 12:00:00,14.6,12.3,Layton,41.06571,-111.97226
2026-09-07 13:00:00,14.5,14.1,Layton,41.06571,-111.97226
2026-09-07 14:00:00,16.1,13.5,Layton,41.06571,-111.97226
2026-09-07 15:00:00,19.5,15.6,Layton,41.06571,-111.97226
2026-09-07 16:00:00,21.7,29.2,Layton,41.06571,-111.97226
2026-09-07 17:00:00,24.3,24.5,Layton,41.06571,-111.97226
2026-09-07 18:00:00,25.9,21.7,Layton,41.06571,-111.97226
2026-09-07 19:00:00,26.2,18.0,Layton,41.06571,-111.97226
2026-09-07 20:00:00,26.1,18.4,Layton,41.06571,-111.97226
2026-09-07 21:00:00,25.0,18.4,Layton,41.06571,-111.97226
2026-09-07 22:00:00,26.1,12.8,Layton,41.06571,-111.97226
2026-09-07 23:00:00,23.8,29.3,Layton,41.06571,-111.97226
2026-09-08 00:00:00,22.8,18.0,Layton,41.06571,-111.97226
2026-09-08 01:00:00,22.7,11.8,Layton,41.06571,-111.97226
2026-09-08 02:00:00,20.2,9.3,Layton,41.06571,-111.97226
2026-09-08 03:00:00,18.7,9.6,Layton,41.06571,-111.97226
2026-09-08 04:00:00,17.6,8.3,Layton,41.06571,-111.97226
2026-09-08 05:00:00,16.5,3.2,Layton,41.06571,-111.97226
2026-09-08 06:00:00,15.7,5.7,Layton,41.06571,-111.97226
2026-09-08 07:00:00,14.8,7.0,Layton,41.06571,-111.97226
2026-09-08 08:00:00,14.1,7.6,Layton,41.06571,-111.97226
2026-09-08 09:00:00,13.7,7.4,Layton,41.06571,-111.97226
2026-09-08 10:00:00,13.2,7.6,Layton,41.06571,-111.97226
2026-09-08 11:00:00,13.0,7.9,Layton,41.06571,-111.97226
2026-09-08 12:00:00,12.7,7.2,Layton,41.06571,-111.97226
2026-09-08 13:00:00,13.8,6.1,Layton,41.06571,-111.97226
2026-09-08 14:00:00,15.5,5.5,Layton,41.06571,-111.97226
2026-09-08 15:00:00,17.3,4.6,Layton,41.06571,-111.97226
2026-09-08 16:00:00,19.2,3.8,Layton,41.06571,-111.97226
2026-09-08 17:00:00,21.2,6.6,Layton,41.06571,-111.97226
2026-09-08 18:00:00,22.7,9.8,Layton,41.06571,-111.97226
2026-09-08 19:00:00,23.6,10.8,Layton,41.06571,-111.97226
2026-09-08 20:00:00,24.1,10.8,Layton,41.06571,-111.97226
2026-09-08 21:00:00,24.4,10.5,Layton,41.06571,-111.97226
2026-09-08 22:00:00,24.9,10.9,Layton,41.06571,-111.97226
2026-09-08 23:00:00,25.2,10.9,Layton,41.06571,-111.97226
2026-09-09 00:00:00,24.6,10.0,Layton,41.06571,-111.97226
2026-09-09 01:00:00,22.4,6.2,Layton,41.06571,-111.97226
2026-09-09 02:00:00,19.3,3.4,Layton,41.06571,-111.97226
2026-09-09 03:00:00,17.0,6.6,Layton,41.06571,-111.97226
2026-09-09 04:00:00,16.6,9.0,Layton,41.06571,-111.97226
2026-09-09 05:00:00,17.0,10.1,Layton,41.06571,-111.97226
2026-09-09 06:00:00,17.3,11.2,Layton,41.06571,-111.97226
2026-09-09 07:00:00,17.2,11.9,Layton,41.06571,-111.97226
2026-09-09 08:00:00,17.0,11.9,Layton,41.06571,-111.97226
2026-09-09 09:00:00,16.9,12.0,Layton,41.06571,-111.97226
2026-09-09 10:00:00,17.2,11.4,Layton,41.06571,-111.97226
2026-09-09 11:00:00,17.7,10.7,Layton,41.06571,-111.97226
2026-09-09 12:00:00,18.2,9.9,Layton,41.06571,-111.97226
2026-09-09 13:00:00,18.7,9.8,Layton,41.06571,-111.97226
2026-09-09 14:00:00,19.3,10.9,Layton,41.06571,-111.97226
2026-09-09 15:00:00,20.3,11.3,Layton,41.06571,-111.97226
2026-09-09 16:00:00,22.2,7.9,Layton,41.06571,-111.97226
2026-09-09 17:00:00,24.6,4.5,Layton,41.06571,-111.97226
2026-09-09 18:00:00,26.1,6.0,Layton,41.06571,-111.97226
2026-09-09 19:00:00,26.2,9.4,Layton,41.06571,-111.97226
2026-09-09 20:00:00,25.6,12.7,Layton,41.06571,-111.97226
2026-09-09 21:00:00,25.0,14.9,Layton,41.06571,-111.97226
2026-09-09 22:00:00,25.0,15.9,Layton,41.06571,-111.97226
2026-09-09 23:00:00,25.1,16.3,Layton,41.06571,-111.97226
2026-09-03 00:00:00,19.1,14.8,London,51.51147,-0.13078308
2026-09-03 01:00:00,19.1,14.8,London,51.51147,-0.13078308
2026-09-03 02:00:00,19.1,15.8,London,51.51147,-0.13078308
2026-09-03 03:00:00,19.0,15.5,London,51.51147,-0.13078308
2026-09-03 04:00:00,19.1,15.8,London,51.51147,-0.13078308
2026-09-03 05:00:00,19.3,14.0,London,51.51147,-0.13078308
2026-09-03 06:00:00,19.5,14.0,London,51.51147,-0.13078308
2026-09-03 07:00:00,19.9,14.4,London,51.51147,-0.13078308
2026-09-03 08:00:00,20.3,15.1,London,51.51147,-0.13078308
2026-09-03 09:00:00,21.1,16.6,London,51.51147,-0.13078308
2026-09-03 10:00:00,22.0,16.6,London,51.51147,-0.13078308
2026-09-03 11:00:00,22.9,14.8,London,51.51147,-0.13078308
2026-09-03 12:00:00,23.8,13.7,London,51.51147,-0.13078308
2026-09-03 13:00:00,24.4,13.3,London,51.51147,-0.13078308
2026-09-03 14:00:00,25.4,16.6,London,51.51147,-0.13078308
2026-09-03 15:00:00,25.7,16.6,London,51.51147,-0.13078308
2026-09-03 16:00:00,25.2,18.7,London,51.51147,-0.13078308
2026-09-03 17:00:00,24.5,19.1,London,51.51147,-0.13078308
2026-09-03 18:00:00,24.5,16.2,London,51.51147,-0.13078308
2026-09-03 19:00:00,23.4,17.3,London,51.51147,-0.13078308
2026-09-03 20:00:00,22.5,14.0,London,51.51147,-0.13078308
2026-09-03 21:00:00,21.9,13.0,London,51.51147,-0.13078308
2026-09-03 22:00:00,21.2,17.3,London,51.51147,-0.13078308
2026-09-03 23:00:00,20.7,18.4,London,51.51147,-0.13078308
2026-09-04 00:00:00,20.4,17.3,London,51.51147,-0.13078308
2026-09-04 01:00:00,20.5,19.4,London,51.51147,-0.13078308
2026-09-04 02:00:00,20.4,22.7,London,51.51147,-0.13078308
2026-09-04 03:00:00,20.3,22.7,London,51.51147,-0.13078308
2026-09-04 04:00:00,20.1,22.0,London,51.51147,-0.13078308
2026-09-04 05:00:00,19.8,21.2,London,51.51147,-0.13078308
2026-09-04 06:00:00,19.8,21.6,London,51.51147,-0.13078308
2026-09-04 07:00:00,20.1,22.0,London,51.51147,-0.13078308
2026-09-04 08:00:00,20.0,22.0,London,51.51147,-0.13078308
2026-09-04 09:00:00,19.6,22.0,London,51.51147,-0.13078308
2026-09-04 10:00:00,19.0,20.9,London,51.51147,-0.13078308
2026-09-04 11:00:00,19.9,15.1,London,51.51147,-0.13078308
2026-09-04 12:00:00,20.2,16.9,London,51.51147,-0.13078308
2026-09-04 13:00:00,20.3,16.9,London,51.51147,-0.13078308
2026-09-04 14:00:00,21.1,17.3,London,51.51147,-0.13078308
2026-09-04 15:00:00,21.4,18.4,London,51.51147,-0.13078308
2026-09-04 16:00:00,21.0,15.1,London,51.51147,-0.13078308
2026-09-04 17:00:00,20.9,15.1,London,51.51147,-0.13078308
2026-09-04 18:00:00,20.6,15.5,London,51.51147,-0.13078308
2026-09-04 19:00:00,19.8,15.8,London,51.51147,-0.13078308
2026-09-04 20:00:00,18.8,14.0,London,51.51147,-0.13078308
2026-09-04 21:00:00,18.2,10.1,London,51.51147,-0.13078308
2026-09-04 22:00:00,17.4,13.0,London,51.51147,-0.13078308
2026-09-04 23:00:00,16.8,13.3,London,51.51147,-0.13078308
2026-09-05 00:00:00,16.2,12.2,London,51.51147,-0.13078308
2026-09-05 01:00:00,15.7,11.5,London,51.51147,-0.13078308
2026-09-05 02:00:00,15.3,10.1,London,51.51147,-0.13078308
2026-09-05 03:00:00,14.8,9.7,London,51.51147,-0.13078308
2026-09-05 04:00:00,14.4,8.6,London,51.51147,-0.13078308
2026-09-05 05:00:00,14.0,9.0,London,51.51147,-0.13078308
2026-09-05 06:00:00,13.8,10.1,London,51.51147,-0.13078308
2026-09-05 07:00:00,14.2,10.4,London,51.51147,-0.13078308
2026-09-05 08:00:00,15.3,10.1,London,51.51147,-0.13078308
2026-09-05 09:00:00,16.6,9.4,London,51.51147,-0.13078308
2026-09-05 10:00:00,17.9,8.6,London,51.51147,-0.13078308
2026-09-05 11:00:00,19.1,9.0,London,51.51147,-0.13078308
2026-09-05 12:00:00,20.1,9.0,London,51.51147,-0.13078308
2026-09-05 13:00:00,21.1,9.4,London,51.51147,-0.13078308
2026-09-05 14:00:00,21.8,9.4,London,51.51147,-0.13078308
2026-09-05 15:00:00,22.3,9.4,London,51.51147,-0.13078308
2026-09-05 16:00:00,22.1,9.2,London,51.51147,-0.13078308
2026-09-05 17:00:00,21.7,9.5,London,51.51147,-0.13078308
2026-09-05 18:00:00,21.3,8.9,London,51.51147,-0.13078308
2026-09-05 19:00:00,21.2,7.9,London,51.51147,-0.13078308
2026-09-05 20:00:00,20.8,6.8,London,51.51147,-0.13078308
2026-09-05 21:00:00,20.3,6.1,London,51.51147,-0.13078308
2026-09-05 22:00:00,19.6,6.5,London,51.51147,-0.13078308
2026-09-05 23:00:00,18.8,7.2,London,51.51147,-0.13078308
2026-09-06 00:00:00,18.1,7.6,London,51.51147,-0.13078308
2026-09-06 01:00:00,17.6,6.5,London,51.51147,-0.13078308
2026-09-06 02:00:00,17.1,4.7,London,51.51147,-0.13078308
2026-09-06 03:00:00,16.7,3.6,London,51.51147,-0.13078308
2026-09-06 04:00:00,16.2,4.3,London,51.51147,-0.13078308
2026-09-06 05:00:00,15.7,5.8,London,51.51147,-0.13078308
2026-09-06 06:00:00,15.7,7.2,London,51.51147,-0.13078308
2026-09-06 07:00:00,16.3,8.3,London,51.51147,-0.13078308
2026-09-06 08:00:00,17.4,9.4,London,51.51147,-0.13078308
2026-09-06 09:00:00,18.7,10.4,London,51.51147,-0.13078308
2026-09-06 10:00:00,20.6,11.5,London,51.51147,-0.13078308
2026-09-06 11:00:00,22.7,12.6,London,51.51147,-0.13078308
2026-09-06 12:00:00,24.2,13.7,London,51.51147,-0.13078308
2026-09-06 13:00:00,24.9,14.4,London,51.51147,-0.13078308
2026-09-06 14:00:00,25.0,15.1,London,51.51147,-0.13078308
2026-09-06 15:00:00,24.9,15.8,London,51.51147,-0.13078308
2026-09-06 16:00:00,24.7,16.2,London,51.51147,-0.13078308
2026-09-06 17:00:00,24.3,16.9,London,51.51147,-0.13078308
2026-09-06 18:00:00,23.7,17.3,London,51.51147,-0.13078308
2026-09-06 19:00:00,22.7,18.0,London,51.51147,-0.13078308
2026-09-06 20:00:00,21.6,18.7,London,51.51147,-0.13078308
2026-09-06 21:00:00,20.6,18.7,London,51.51147,-0.13078308
2026-09-06 22:00:00,19.9,17.6,London,51.51147,-0.13078308
2026-09-06 23:00:00,19.4,15.8,London,51.51147,-0.13078308
2026-09-07 00:00:00,19.1,14.4,London,51.51147,-0.13078308
2026-09-07 01:00:00,19.0,13.7,London,51.51147,-0.13078308
2026-09-07 02:00:00,19.0,13.0,London,51.51147,-0.13078308
2026-09-07 03:00:00,19.0,12.6,London,51.51147,-0.13078308
2026-09-07 04:00:00,18.9,12.2,London,51.51147,-0.13078308
2026-09-07 05:00:00,18.7,11.9,London,51.51147,-0.13078308
2026-09-07 06:00:00,18.5,11.9,London,51.51147,-0.13078308
2026-09-07 07:00:00,18.1,12.2,London,51.51147,-0.13078308
2026-09-07 08:00:00,17.7,13.0,London,51.51147,-0.13078308
2026-09-07 09:00:00,17.6,13.3,London,51.51147,-0.13078308
2026-09-07 10:00:00,18.2,12.6,London,51.51147,-0.13078308
2026-09-07 11:00:00,19.2,11.5,London,51.51147,-0.13078308
2026-09-07 12:00:00,20.0,11.2,London,51.51147,-0.13078308
2026-09-07 13:00:00,20.6,11.9,London,51.51147,-0.13078308
2026-09-07 14:00:00,21.0,13.3,London,51.51147,-0.13078308
2026-09-07 15:00:00,21.3,14.4,London,51.51147,-0.13078308
2026-09-07 16:00:00,21.3,15.1,London,51.51147,-0.13078308
2026-09-07 17:00:00,21.0,15.5,London,51.51147,-0.13078308
2026-09-07 18:00:00,20.7,15.8,London,51.51147,-0.13078308
2026-09-07 19:00:00,20.1,16.6,London,51.51147,-0.13078308
2026-09-07 20:00:00,19.4,16.9,London,51.51147,-0.13078308
2026-09-07 21:00:00,18.7,17.6,London,51.51147,-0.13078308
2026-09-07 22:00:00,18.2,18.0,London,51.51147,-0.13078308
2026-09-07 23:00:00,17.8,18.4,London,51.51147,-0.13078308
2026-09-08 00:00:00,17.3,18.7,London,51.51147,-0.13078308
2026-09-08 01:00:00,16.7,18.7,London,51.51147,-0.13078308
2026-09-08 02:00:00,16.1,18.7,London,51.51147,-0.13078308
2026-09-08 03:00:00,15.6,18.7,London,51.51147,-0.13078308
2026-09-08 04:00:00,15.2,18.0,London,51.51147,-0.13078308
2026-09-08 05:00:00,14.9,17.3,London,51.51147,-0.13078308
2026-09-08 06:00:00,14.8,16.9,London,51.51147,-0.13078308
2026-09-08 07:00:00,14.8,17.3,London,51.51147,-0.13078308
2026-09-08 08:00:00,15.0,18.4,London,51.51147,-0.13078308
2026-09-08 09:00:00,15.4,19.4,London,51.51147,-0.13078308
2026-09-08 10:00:00,16.2,21.2,London,51.51147,-0.13078308
2026-09-08 11:00:00,17.2,23.0,London,51.51147,-0.13078308
2026-09-08 12:00:00,18.1,24.5,London,51.51147,-0.13078308
2026-09-08 13:00:00,18.5,24.8,London,51.51147,-0.13078308
2026-09-08 14:00:00,18.8,24.5,London,51.51147,-0.13078308
2026-09-08 15:00:00,18.8,23.8,London,51.51147,-0.13078308
2026-09-08 16:00:00,18.7,23.0,London,51.51147,-0.13078308
2026-09-08 17:00:00,18.3,22.3,London,51.51147,-0.13078308
2026-09-08 18:00:00,17.9,21.6,London,51.51147,-0.13078308
2026-09-08 19:00:00,17.4,20.9,London,51.51147,-0.13078308
2026-09-08 20:00:00,16.9,20.2,London,51.51147,-0.13078308
2026-09-08 21:00:00,16.4,19.4,London,51.51147,-0.13078308
2026-09-08 22:00:00,16.1,18.0,London,51.51147,-0.13078308
2026-09-08 23:00:00,15.5,16.9,London,51.51147,-0.13078308
2026-09-09 00:00:00,15.0,16.2,London,51.51147,-0.13078308
2026-09-09 01:00:00,14.5,15.5,London,51.51147,-0.13078308
2026-09-09 02:00:00,13.8,14.8,London,51.51147,-0.13078308
2026-09-09 03:00:00,13.2,14.0,London,51.51147,-0.13078308
2026-09-09 04:00:00,12.7,13.3,London,51.51147,-0.13078308
2026-09-09 05:00:00,12.3,13.0,London,51.51147,-0.13078308
2026-09-09 06:00:00,12.3,13.0,London,51.51147,-0.13078308
2026-09-09 07:00:00,12.7,13.3,London,51.51147,-0.13078308
2026-09-09 08:00:00,13.5,14.0,London,51.51147,-0.13078308
2026-09-09 09:00:00,14.4,15.1,London,51.51147,-0.13078308
2026-09-09 10:00:00,15.5,16.2,London,51.51147,-0.13078308
2026-09-09 11:00:00,16.3,16.9,London,51.51147,-0.13078308
2026-09-09 12:00:00,17.0,17.3,London,51.51147,-0.13078308
2026-09-09 13:00:00,17.3,17.3,London,51.51147,-0.13078308
2026-09-09 14:00:00,17.6,16.9,London,51.51147,-0.13078308
2026-09-09 15:00:00,17.7,16.6,London,51.51147,-0.13078308
2026-09-09 16:00:00,17.7,15.8,London,51.51147,-0.13078308
2026-09-09 17:00:00,17.7,15.5,London,51.51147,-0.13078308
2026-09-09 18:00:00,17.6,14.8,London,51.51147,-0.13078308
2026-09-09 19:00:00,17.4,14.4,London,51.51147,-0.13078308
2026-09-09 20:00:00,17.1,13.7,London,51.51147,-0.13078308
2026-09-09 21:00:00,16.7,13.0,London,51.51147,-0.13078308
2026-09-09 22:00:00,16.4,12.2,London,51.51147,-0.13078308
2026-09-09 23:00:00,16.0,11.9,London,51.51147,-0.13078308
2026-09-03 00:00:00,19.1,14.8,London,51.51147,-0.13078308
2026-09-03 01:00:00,19.1,14.8,London,51.51147,-0.13078308
2026-09-03 02:00:00,19.1,15.8,London,51.51147,-0.13078308
2026-09-03 03:00:00,19.0,15.5,London,51.51147,-0.13078308
2026-09-03 04:00:00,19.1,15.8,London,51.51147,-0.13078308
2026-09-03 05:00:00,19.3,14.0,London,51.51147,-0.13078308
2026-09-03 06:00:00,19.5,14.0,London,51.51147,-0.13078308
2026-09-03 07:00:00,19.9,14.4,London,51.51147,-0.13078308
2026-09-03 08:00:00,20.3,15.1,London,51.51147,-0.13078308
2026-09-03 09:00:00,21.1,16.6,London,51.51147,-0.13078308
2026-09-03 10:00:00,22.0,16.6,London,51.51147,-0.13078308
2026-09-03 11:00:00,22.9,14.8,London,51.51147,-0.13078308
2026-09-03 12:00:00,23.8,13.7,London,51.51147,-0.13078308
2026-09-03 13:00:00,24.4,13.3,London,51.51147,-0.13078308
2026-09-03 14:00:00,25.4,16.6,London,51.51147,-0.13078308
2026-09-03 15:00:00,25.7,16.6,London,51.51147,-0.13078308
2026-09-03 16:00:00,25.2,18.7,London,51.51147,-0.13078308
2026-09-03 17:00:00,24.5,19.1,London,51.51147,-0.13078308
2026-09-03 18:00:00,24.5,16.2,London,51.51147,-0.13078308
2026-09-03 19:00:00,23.4,17.3,London,51.51147,-0.13078308
2026-09-03 20:00:00,22.5,14.0,London,51.51147,-0.13078308
2026-09-03 21:00:00,21.9,13.0,London,51.51147,-0.13078308
2026-09-03 22:00:00,21.2,17.3,London,51.51147,-0.13078308
2026-09-03 23:00:00,20.7,18.4,London,51.51147,-0.13078308
2026-09-04 00:00:00,20.4,17.3,London,51.51147,-0.13078308
2026-09-04 01:00:00,20.5,19.4,London,51.51147,-0.13078308
2026-09-04 02:00:00,20.4,22.7,London,51.51147,-0.13078308
2026-09-04 03:00:00,20.3,22.7,London,51.51147,-0.13078308
2026-09-04 04:00:00,20.1,22.0,London,51.51147,-0.13078308
2026-09-04 05:00:00,19.8,21.2,London,51.51147,-0.13078308
2026-09-04 06:00:00,19.8,21.6,London,51.51147,-0.13078308
2026-09-04 07:00:00,20.1,22.0,London,51.51147,-0.13078308
2026-09-04 08:00:00,20.0,22.0,London,51.51147,-0.13078308
2026-09-04 09:00:00,19.6,22.0,London,51.51147,-0.13078308
2026-09-04 10:00:00,19.0,20.9,London,51.51147,-0.13078308
2026-09-04 11:00:00,19.9,15.1,London,51.51147,-0.13078308
2026-09-04 12:00:00,20.2,16.9,London,51.51147,-0.13078308
2026-09-04 13:00:00,20.3,16.9,London,51.51147,-0.13078308
2026-09-04 14:00:00,21.1,17.3,London,51.51147,-0.13078308
2026-09-04 15:00:00,21.4,18.4,London,51.51147,-0.13078308
2026-09-04 16:00:00,21.0,15.1,London,51.51147,-0.13078308
2026-09-04 17:00:00,20.9,15.1,London,51.51147,-0.13078308
2026-09-04 18:00:00,20.6,15.5,London,51.51147,-0.13078308
2026-09-04 19:00:00,19.8,15.8,London,51.51147,-0.13078308
2026-09-04 20:00:00,18.8,14.0,London,51.51147,-0.13078308
2026-09-04 21:00:00,18.2,10.1,London,51.51147,-0.13078308
2026-09-04 22:00:00,17.4,13.0,London,51.51147,-0.13078308
2026-09-04 23:00:00,16.8,13.3,London,51.51147,-0.13078308
2026-09-05 00:00:00,16.2,12.2,London,51.51147,-0.13078308
2026-09-05 01:00:00,15.7,11.5,London,51.51147,-0.13078308
2026-09-05 02:00:00,15.3,10.1,London,51.51147,-0.13078308
2026-09-05 03:00:00,14.8,9.7,London,51.51147,-0.13078308
2026-09-05 04:00:00,14.4,8.6,London,51.51147,-0.13078308
2026-09-05 05:00:00,14.0,9.0,London,51.51147,-0.13078308
2026-09-05 06:00:00,13.8,10.1,London,51.51147,-0.13078308
2026-09-05 07:00:00,14.2,10.4,London,51.51147,-0.13078308
2026-09-05 08:00:00,15.3,10.1,London,51.51147,-0.13078308
2026-09-05 09:00:00,16.6,9.4,London,51.51147,-0.13078308
2026-09-05 10:00:00,17.9,8.6,London,51.51147,-0.13078308
2026-09-05 11:00:00,19.1,9.0,London,51.51147,-0.13078308
2026-09-05 12:00:00,20.1,9.0,London,51.51147,-0.13078308
2026-09-05 13:00:00,21.1,9.4,London,51.51147,-0.13078308
2026-09-05 14:00:00,21.8,9.4,London,51.51147,-0.13078308
2026-09-05 15:00:00,22.3,9.4,London,51.51147,-0.13078308
2026-09-05 16:00:00,22.1,9.2,London,51.51147,-0.13078308
2026-09-05 17:00:00,21.7,9.5,London,51.51147,-0.13078308
2026-09-05 18:00:00,21.3,8.9,London,51.51147,-0.13078308
2026-09-05 19:00:00,21.2,7.9,London,51.51147,-0.13078308
2026-09-05 20:00:00,20.8,6.8,London,51.51147,-0.13078308
2026-09-05 21:00:00,20.3,6.1,London,51.51147,-0.13078308
2026-09-05 22:00:00,19.6,6.5,London,51.51147,-0.13078308
2026-09-05 23:00:00,18.8,7.2,London,51.51147,-0.13078308
2026-09-06 00:00:00,18.1,7.6,London,51.51147,-0.13078308
2026-09-06 01:00:00,17.6,6.5,London,51.51147,-0.13078308
2026-09-06 02:00:00,17.1,4.7,London,51.51147,-0.13078308
2026-09-06 03:00:00,16.7,3.6,London,51.51147,-0.13078308
2026-09-06 04:00:00,16.2,4.3,London,51.51147,-0.13078308
2026-09-06 05:00:00,15.7,5.8,London,51.51147,-0.13078308
2026-09-06 06:00:00,15.7,7.2,London,51.51147,-0.13078308
2026-09-06 07:00:00,16.3,8.3,London,51.51147,-0.13078308
2026-09-06 08:00:00,17.4,9.4,London,51.51147,-0.13078308
2026-09-06 09:00:00,18.7,10.4,London,51.51147,-0.13078308
2026-09-06 10:00:00,20.6,11.5,London,51.51147,-0.13078308
2026-09-06 11:00:00,22.7,12.6,London,51.51147,-0.13078308
2026-09-06 12:00:00,24.2,13.7,London,51.51147,-0.13078308
2026-09-06 13:00:00,24.9,14.4,London,51.51147,-0.13078308
2026-09-06 14:00:00,25.0,15.1,London,51.51147,-0.13078308
2026-09-06 15:00:00,24.9,15.8,London,51.51147,-0.13078308
2026-09-06 16:00:00,24.7,16.2,London,51.51147,-0.13078308
2026-09-06 17:00:00,24.3,16.9,London,51.51147,-0.13078308
2026-09-06 18:00:00,23.7,17.3,London,51.51147,-0.13078308
2026-09-06 19:00:00,22.7,18.0,London,51.51147,-0.13078308
2026-09-06 20:00:00,21.6,18.7,London,51.51147,-0.13078308
2026-09-06 21:00:00,20.6,18.7,London,51.51147,-0.13078308
2026-09-06 22:00:00,19.9,17.6,London,51.51147,-0.13078308
2026-09-06 23:00:00,19.4,15.8,London,51.51147,-0.13078308
2026-09-07 00:00:00,19.1,14.4,London,51.51147,-0.13078308
2026-09-07 01:00:00,19.0,13.7,London,51.51147,-0.13078308
2026-09-07 02:00:00,19.0,13.0,London,51.51147,-0.13078308
2026-09-07 03:00:00,19.0,12.6,London,51.51147,-0.13078308
2026-09-07 04:00:00,18.9,12.2,London,51.51147,-0.13078308
2026-09-07 05:00:00,18.7,11.9,London,51.51147,-0.13078308
2026-09-07 06:00:00,18.5,11.9,London,51.51147,-0.13078308
2026-09-07 07:00:00,18.1,12.2,London,51.51147,-0.13078308
2026-09-07 08:00:00,17.7,13.0,London,51.51147,-0.13078308
2026-09-07 09:00:00,17.6,13.3,London,51.51147,-0.13078308
2026-09-07 10:00:00,18.2,12.6,London,51.51147,-0.13078308
2026-09-07 11:00:00,19.2,11.5,London,51.51147,-0.13078308
2026-09-07 12:00:00,20.0,11.2,London,51.51147,-0.13078308
2026-09-07 13:00:00,20.6,11.9,London,51.51147,-0.13078308
2026-09-07 14:00:00,21.0,13.3,London,51.51147,-0.13078308
2026-09-07 15:00:00,21.3,14.4,London,51.51147,-0.13078308
2026-09-07 16:00:00,21.3,15.1,London,51.51147,-0.13078308
2026-09-07 17:00:00,21.0,15.5,London,51.51147,-0.13078308
2026-09-07 18:00:00,20.7,15.8,London,51.51147,-0.13078308
2026-09-07 19:00:00,20.1,16.6,London,51.51147,-0.13078308
2026-09-07 20:00:00,19.4,16.9,London,51.51147,-0.13078308
2026-09-07 21:00:00,18.7,17.6,London,51.51147,-0.13078308
2026-09-07 22:00:00,18.2,18.0,London,51.51147,-0.13078308
2026-09-07 23:00:00,17.8,18.4,London,51.51147,-0.13078308
2026-09-08 00:00:00,17.3,18.7,London,51.51147,-0.13078308
2026-09-08 01:00:00,16.7,18.7,London,51.51147,-0.13078308
2026-09-08 02:00:00,16.1,18.7,London,51.51147,-0.13078308
2026-09-08 03:00:00,15.6,18.7,London,51.51147,-0.13078308
2026-09-08 04:00:00,15.2,18.0,London,51.51147,-0.13078308
2026-09-08 05:00:00,14.9,17.3,London,51.51147,-0.13078308
2026-09-08 06:00:00,14.8,16.9,London,51.51147,-0.13078308
2026-09-08 07:00:00,14.8,17.3,London,51.51147,-0.13078308
2026-09-08 08:00:00,15.0,18.4,London,51.51147,-0.13078308
2026-09-08 09:00:00,15.4,19.4,London,51.51147,-0.13078308
2026-09-08 10:00:00,16.2,21.2,London,51.51147,-0.13078308
2026-09-08 11:00:00,17.2,23.0,London,51.51147,-0.13078308
2026-09-08 12:00:00,18.1,24.5,London,51.51147,-0.13078308
2026-09-08 13:00:00,18.5,24.8,London,51.51147,-0.13078308
2026-09-08 14:00:00,18.8,24.5,London,51.51147,-0.13078308
2026-09-08 15:00:00,18.8,23.8,London,51.51147,-0.13078308
2026-09-08 16:00:00,18.7,23.0,London,51.51147,-0.13078308
2026-09-08 17:00:00,18.3,22.3,London,51.51147,-0.13078308
2026-09-08 18:00:00,17.9,21.6,London,51.51147,-0.13078308
2026-09-08 19:00:00,17.4,20.9,London,51.51147,-0.13078308
2026-09-08 20:00:00,16.9,20.2,London,51.51147,-0.13078308
2026-09-08 21:00:00,16.4,19.4,London,51.51147,-0.13078308
2026-09-08 22:00:00,16.1,18.0,London,51.51147,-0.13078308
2026-09-08 23:00:00,15.5,16.9,London,51.51147,-0.13078308
2026-09-09 00:00:00,15.0,16.2,London,51.51147,-0.13078308
2026-09-09 01:00:00,14.5,15.5,London,51.51147,-0.13078308
2026-09-09 02:00:00,13.8,14.8,London,51.51147,-0.13078308
2026-09-09 03:00:00,13.2,14.0,London,51.51147,-0.13078308
2026-09-09 04:00:00,12.7,13.3,London,51.51147,-0.13078308
2026-09-09 05:00:00,12.3,13.0,London,51.51147,-0.13078308
2026-09-09 06:00:00,12.3,13.0,London,51.51147,-0.13078308
2026-09-09 07:00:00,12.7,13.3,London,51.51147,-0.13078308
2026-09-09 08:00:00,13.5,14.0,London,51.51147,-0.13078308
2026-09-09 09:00:00,14.4,15.1,London,51.51147,-0.13078308
2026-09-09 10:00:00,15.5,16.2,London,51.51147,-0.13078308
2026-09-09 11:00:00,16.3,16.9,London,51.51147,-0.13078308
2026-09-09 12:00:00,17.0,17.3,London,51.51147,-0.13078308
2026-09-09 13:00:00,17.3,17.3,London,51.51147,-0.13078308
2026-09-09 14:00:00,17.6,16.9,London,51.51147,-0.13078308
2026-09-09 15:00:00,17.7,16.6,London,51.51147,-0.13078308
2026-09-09 16:00:00,17.7,15.8,London,51.51147,-0.13078308
2026-09-09 17:00:00,17.7,15.5,London,51.51147,-0.13078308
2026-09-09 18:00:00,17.6,14.8,London,51.51147,-0.13078308
2026-09-09 19:00:00,17.4,14.4,London,51.51147,-0.13078308
2026-09-09 20:00:00,17.1,13.7,London,51.51147,-0.13078308
2026-09-09 21:00:00,16.7,13.0,London,51.51147,-0.13078308
2026-09-09 22:00:00,16.4,12.2,London,51.51147,-0.13078308
2026-09-09 23:00:00,16.0,11.9,London,51.51147,-0.13078308
2026-09-03 00:00:00,27.6,4.7,Tokyo,35.7,139.6875
2026-09-03 01:00:00,26.8,3.3,Tokyo,35.7,139.6875
2026-09-03 02:00:00,27.6,2.6,Tokyo,35.7,139.6875
2026-09-03 03:00:00,29.1,2.3,Tokyo,35.7,139.6875
2026-09-03 04:00:00,28.9,3.3,Tokyo,35.7,139.6875
2026-09-03 05:00:00,27.6,3.5,Tokyo,35.7,139.6875
2026-09-03 06:00:00,27.8,5.8,Tokyo,35.7,139.6875
2026-09-03 07:00:00,27.1,5.7,Tokyo,35.7,139.6875
2026-09-03 08:00:00,26.2,5.8,Tokyo,35.7,139.6875
2026-09-03 09:00:00,25.1,4.0,Tokyo,35.7,139.6875
2026-09-03 10:00:00,24.7,1.8,Tokyo,35.7,139.6875
2026-09-03 11:00:00,24.1,1.5,Tokyo,35.7,139.6875
2026-09-03 12:00:00,23.7,3.4,Tokyo,35.7,139.6875
2026-09-03 13:00:00,23.3,1.8,Tokyo,35.7,139.6875
2026-09-03 14:00:00,23.1,3.6,Tokyo,35.7,139.6875
2026-09-03 15:00:00,23.6,3.2,Tokyo,35.7,139.6875
2026-09-03 16:00:00,23.1,2.9,Tokyo,35.7,139.6875
2026-09-03 17:00:00,22.7,1.9,Tokyo,35.7,139.6875
2026-09-03 18:00:00,22.5,1.3,Tokyo,35.7,139.6875
2026-09-03 19:00:00,22.3,1.0,Tokyo,35.7,139.6875
2026-09-03 20:00:00,22.2,2.4,Tokyo,35.7,139.6875
2026-09-03 21:00:00,22.4,3.8,Tokyo,35.7,139.6875
2026-09-03 22:00:00,22.2,2.9,Tokyo,35.7,139.6875
2026-09-03 23:00:00,22.4,2.4,Tokyo,35.7,139.6875
2026-09-04 00:00:00,22.7,4.0,Tokyo,35.7,139.6875
2026-09-04 01:00:00,23.2,2.2,Tokyo,35.7,139.6875
2026-09-04 02:00:00,23.3,2.2,Tokyo,35.7,139.6875
2026-09-04 03:00:00,23.4,2.4,Tokyo,35.7,139.6875
2026-09-04 04:00:00,23.6,2.3,Tokyo,35.7,139.6875
2026-09-04 05:00:00,23.7,2.2,Tokyo,35.7,139.6875
2026-09-04 06:00:00,23.7,2.2,Tokyo,35.7,139.6875
2026-09-04 07:00:00,23.6,3.3,Tokyo,35.7,139.6875
2026-09-04 08:00:00,23.3,2.7,Tokyo,35.7,139.6875
2026-09-04 09:00:00,22.7,2.3,Tokyo,35.7,139.6875
2026-09-04 10:00:00,22.5,2.3,Tokyo,35.7,139.6875
2026-09-04 11:00:00,22.2,2.0,Tokyo,35.7,139.6875
2026-09-04 12:00:00,22.1,3.2,Tokyo,35.7,139.6875
2026-09-04 13:00:00,21.9,2.1,Tokyo,35.7,139.6875
2026-09-04 14:00:00,21.7,2.3,Tokyo,35.7,139.6875
2026-09-04 15:00:00,21.6,1.8,Tokyo,35.7,139.6875
2026-09-04 16:00:00,21.6,2.0,Tokyo,35.7,139.6875
2026-09-04 17:00:00,21.6,2.6,Tokyo,35.7,139.6875
2026-09-04 18:00:00,21.5,3.1,Tokyo,35.7,139.6875
2026-09-04 19:00:00,21.4,4.2,Tokyo,35.7,139.6875
2026-09-04 20:00:00,21.2,3.9,Tokyo,35.7,139.6875
2026-09-04 21:00:00,20.9,4.3,Tokyo,35.7,139.6875
2026-09-04 22:00:00,20.9,3.7,Tokyo,35.7,139.6875
2026-09-04 23:00:00,21.0,4.8,Tokyo,35.7,139.6875
2026-09-05 00:00:00,21.5,4.0,Tokyo,35.7,139.6875
2026-09-05 01:00:00,22.2,3.8,Tokyo,35.7,139.6875
2026-09-05 02:00:00,22.8,3.6,Tokyo,35.7,139.6875
2026-09-05 03:00:00,23.1,4.5,Tokyo,35.7,139.6875
2026-09-05 04:00:00,23.3,5.2,Tokyo,35.7,139.6875
2026-09-05 05:00:00,23.4,5.2,Tokyo,35.7,139.6875
2026-09-05 06:00:00,23.4,5.5,Tokyo,35.7,139.6875
2026-09-05 07:00:00,22.2,5.1,Tokyo,35.7,139.6875
2026-09-05 08:00:00,22.0,4.7,Tokyo,35.7,139.6875
2026-09-05 09:00:00,21.9,4.7,Tokyo,35.7,139.6875
2026-09-05 10:00:00,21.8,4.7,Tokyo,35.7,139.6875
2026-09-05 11:00:00,21.7,5.4,Tokyo,35.7,139.6875
2026-09-05 12:00:00,21.7,5.1,Tokyo,35.7,139.6875
2026-09-05 13:00:00,21.6,5.4,Tokyo,35.7,139.6875
2026-09-05 14:00:00,21.4,5.4,Tokyo,35.7,139.6875
2026-09-05 15:00:00,21.3,5.4,Tokyo,35.7,139.6875
2026-09-05 16:00:00,21.1,5.4,Tokyo,35.7,139.6875
2026-09-05 17:00:00,21.0,5.4,Tokyo,35.7,139.6875
2026-09-05 18:00:00,20.8,5.4,Tokyo,35.7,139.6875
2026-09-05 19:00:00,20.9,5.4,Tokyo,35.7,139.6875
2026-09-05 20:00:00,21.2,5.1,Tokyo,35.7,139.6875
2026-09-05 21:00:00,21.5,6.4,Tokyo,35.7,139.6875
2026-09-05 22:00:00,21.6,7.0,Tokyo,35.7,139.6875
2026-09-05 23:00:00,21.6,6.2,Tokyo,35.7,139.6875
2026-09-06 00:00:00,21.6,7.2,Tokyo,35.7,139.6875
2026-09-06 01:00:00,21.8,7.0,Tokyo,35.7,139.6875
2026-09-06 02:00:00,22.1,6.7,Tokyo,35.7,139.6875
2026-09-06 03:00:00,22.5,6.9,Tokyo,35.7,139.6875
2026-09-06 04:00:00,22.4,7.1,Tokyo,35.7,139.6875
2026-09-06 05:00:00,22.8,5.8,Tokyo,35.7,139.6875
2026-09-06 06:00:00,23.2,5.3,Tokyo,35.7,139.6875
2026-09-06 07:00:00,23.5,6.4,Tokyo,35.7,139.6875
2026-09-06 08:00:00,23.6,5.4,Tokyo,35.7,139.6875
2026-09-06 09:00:00,23.5,6.6,Tokyo,35.7,139.6875
2026-09-06 10:00:00,23.6,6.7,Tokyo,35.7,139.6875
2026-09-06 11:00:00,23.8,6.4,Tokyo,35.7,139.6875
2026-09-06 12:00:00,24.1,7.3,Tokyo,35.7,139.6875
2026-09-06 13:00:00,24.3,7.8,Tokyo,35.7,139.6875
2026-09-06 14:00:00,24.3,8.2,Tokyo,35.7,139.6875
2026-09-06 15:00:00,24.3,9.2,Tokyo,35.7,139.6875
2026-09-06 16:00:00,23.5,9.8,Tokyo,35.7,139.6875
2026-09-06 17:00:00,22.9,8.5,Tokyo,35.7,139.6875
2026-09-06 18:00:00,22.3,8.9,Tokyo,35.7,139.6875
2026-09-06 19:00:00,22.0,6.5,Tokyo,35.7,139.6875
2026-09-06 20:00:00,22.6,4.3,Tokyo,35.7,139.6875
2026-09-06 21:00:00,24.0,15.6,Tokyo,35.7,139.6875
2026-09-06 22:00:00,25.0,21.7,Tokyo,35.7,139.6875
2026-09-06 23:00:00,25.3,27.5,Tokyo,35.7,139.6875
2026-09-07 00:00:00,25.5,29.2,Tokyo,35.7,139.6875
2026-09-07 01:00:00,25.8,21.6,Tokyo,35.7,139.6875
2026-09-07 02:00:00,26.3,20.7,Tokyo,35.7,139.6875
2026-09-07 03:00:00,25.9,21.6,Tokyo,35.7,139.6875
2026-09-07 04:00:00,26.0,22.2,Tokyo,35.7,139.6875
2026-09-07 05:00:00,26.9,18.2,Tokyo,35.7,139.6875
2026-09-07 06:00:00,27.1,16.0,Tokyo,35.7,139.6875
2026-09-07 07:00:00,26.8,15.9,Tokyo,35.7,139.6875
2026-09-07 08:00:00,26.3,16.4,Tokyo,35.7,139.6875
2026-09-07 09:00:00,25.9,16.9,Tokyo,35.7,139.6875
2026-09-07 10:00:00,25.9,17.1,Tokyo,35.7,139.6875
2026-09-07 11:00:00,26.0,17.1,Tokyo,35.7,139.6875
2026-09-07 12:00:00,26.1,17.0,Tokyo,35.7,139.6875
2026-09-07 13:00:00,26.1,16.6,Tokyo,35.7,139.6875
2026-09-07 14:00:00,26.1,16.0,Tokyo,35.7,139.6875
2026-09-07 15:00:00,26.1,15.3,Tokyo,35.7,139.6875
2026-09-07 16:00:00,26.1,14.8,Tokyo,35.7,139.6875
2026-09-07 17:00:00,26.0,14.1,Tokyo,35.7,139.6875
2026-09-07 18:00:00,25.9,12.8,Tokyo,35.7,139.6875
2026-09-07 19:00:00,25.8,10.2,Tokyo,35.7,139.6875
2026-09-07 20:00:00,25.6,7.7,Tokyo,35.7,139.6875
2026-09-07 21:00:00,25.9,6.6,Tokyo,35.7,139.6875
2026-09-07 22:00:00,27.0,6.0,Tokyo,35.7,139.6875
2026-09-07 23:00:00,28.4,5.6,Tokyo,35.7,139.6875
2026-09-08 00:00:00,29.8,5.9,Tokyo,35.7,139.6875
2026-09-08 01:00:00,30.9,7.1,Tokyo,35.7,139.6875
2026-09-08 02:00:00,31.9,8.6,Tokyo,35.7,139.6875
2026-09-08 03:00:00,32.4,10.1,Tokyo,35.7,139.6875
2026-09-08 04:00:00,32.0,10.8,Tokyo,35.7,139.6875
2026-09-08 05:00:00,31.1,11.2,Tokyo,35.7,139.6875
2026-09-08 06:00:00,30.2,11.6,Tokyo,35.7,139.6875
2026-09-08 07:00:00,29.2,11.9,Tokyo,35.7,139.6875
2026-09-08 08:00:00,28.1,12.2,Tokyo,35.7,139.6875
2026-09-08 09:00:00,27.2,12.5,Tokyo,35.7,139.6875
2026-09-08 10:00:00,26.8,12.5,Tokyo,35.7,139.6875
2026-09-08 11:00:00,26.7,12.1,Tokyo,35.7,139.6875
2026-09-08 12:00:00,26.6,12.1,Tokyo,35.7,139.6875
2026-09-08 13:00:00,26.5,12.5,Tokyo,35.7,139.6875
2026-09-08 14:00:00,26.4,12.8,Tokyo,35.7,139.6875
2026-09-08 15:00:00,26.3,13.0,Tokyo,35.7,139.6875
2026-09-08 16:00:00,26.2,12.8,Tokyo,35.7,139.6875
2026-09-08 17:00:00,26.2,12.2,Tokyo,35.7,139.6875
2026-09-08 18:00:00,26.1,10.8,Tokyo,35.7,139.6875
2026-09-08 19:00:00,26.0,8.0,Tokyo,35.7,139.6875
2026-09-08 20:00:00,26.0,6.0,Tokyo,35.7,139.6875
2026-09-08 21:00:00,26.2,5.9,Tokyo,35.7,139.6875
2026-09-08 22:00:00,27.0,5.6,Tokyo,35.7,139.6875
2026-09-08 23:00:00,28.2,5.1,Tokyo,35.7,139.6875
2026-09-09 00:00:00,28.8,5.9,Tokyo,35.7,139.6875
2026-09-09 01:00:00,28.6,9.2,Tokyo,35.7,139.6875
2026-09-09 02:00:00,27.9,13.2,Tokyo,35.7,139.6875
2026-09-09 03:00:00,27.2,15.5,Tokyo,35.7,139.6875
2026-09-09 04:00:00,26.5,14.5,Tokyo,35.7,139.6875
2026-09-09 05:00:00,25.9,11.7,Tokyo,35.7,139.6875
2026-09-09 06:00:00,25.2,9.3,Tokyo,35.7,139.6875
2026-09-09 07:00:00,24.5,8.4,Tokyo,35.7,139.6875
2026-09-09 08:00:00,23.8,7.9,Tokyo,35.7,139.6875
2026-09-09 09:00:00,23.3,7.4,Tokyo,35.7,139.6875
2026-09-09 10:00:00,23.5,7.2,Tokyo,35.7,139.6875
2026-09-09 11:00:00,23.2,6.8,Tokyo,35.7,139.6875
2026-09-09 12:00:00,22.9,6.7,Tokyo,35.7,139.6875
2026-09-09 13:00:00,22.6,6.9,Tokyo,35.7,139.6875
2026-09-09 14:00:00,22.3,7.2,Tokyo,35.7,139.6875
2026-09-09 15:00:00,22.1,7.8,Tokyo,35.7,139.6875
2026-09-09 16:00:00,21.9,8.5,Tokyo,35.7,139.6875
2026-09-09 17:00:00,21.8,9.0,Tokyo,35.7,139.6875
2026-09-09 18:00:00,21.7,9.4,Tokyo,35.7,139.6875
2026-09-09 19:00:00,21.8,9.7,Tokyo,35.7,139.6875
2026-09-09 20:00:00,21.9,10.1,Tokyo,35.7,139.6875
2026-09-09 21:00:00,22.1,10.3,Tokyo,35.7,139.6875
2026-09-09 22:00:00,22.3,10.7,Tokyo,35.7,139.6875
2026-09-09 23:00:00,22.4,10.9,Tokyo,35.7,139.6875
2026-09-03 00:00:00,27.6,4.7,Tokyo,35.7,139.6875
2026-09-03 01:00:00,26.8,3.3,Tokyo,35.7,139.6875
2026-09-03 02:00:00,27.6,2.6,Tokyo,35.7,139.6875
2026-09-03 03:00:00,29.1,2.3,Tokyo,35.7,139.6875
2026-09-03 04:00:00,28.9,3.3,Tokyo,35.7,139.6875
2026-09-03 05:00:00,27.6,3.5,Tokyo,35.7,139.6875
2026-09-03 06:00:00,27.8,5.8,Tokyo,35.7,139.6875
2026-09-03 07:00:00,27.1,5.7,Tokyo,35.7,139.6875
2026-09-03 08:00:00,26.2,5.8,Tokyo,35.7,139.6875
2026-09-03 09:00:00,25.1,4.0,Tokyo,35.7,139.6875
2026-09-03 10:00:00,24.7,1.8,Tokyo,35.7,139.6875
2026-09-03 11:00:00,24.1,1.5,Tokyo,35.7,139.6875
2026-09-03 12:00:00,23.7,3.4,Tokyo,35.7,139.6875
2026-09-03 13:00:00,23.3,1.8,Tokyo,35.7,139.6875
2026-09-03 14:00:00,23.1,3.6,Tokyo,35.7,139.6875
2026-09-03 15:00:00,23.6,3.2,Tokyo,35.7,139.6875
2026-09-03 16:00:00,23.1,2.9,Tokyo,35.7,139.6875
2026-09-03 17:00:00,22.7,1.9,Tokyo,35.7,139.6875
2026-09-03 18:00:00,22.5,1.3,Tokyo,35.7,139.6875
2026-09-03 19:00:00,22.3,1.0,Tokyo,35.7,139.6875
2026-09-03 20:00:00,22.2,2.4,Tokyo,35.7,139.6875
2026-09-03 21:00:00,22.4,3.8,Tokyo,35.7,139.6875
2026-09-03 22:00:00,22.2,2.9,Tokyo,35.7,139.6875
2026-09-03 23:00:00,22.4,2.4,Tokyo,35.7,139.6875
2026-09-04 00:00:00,22.7,4.0,Tokyo,35.7,139.6875
2026-09-04 01:00:00,23.2,2.2,Tokyo,35.7,139.6875
2026-09-04 02:00:00,23.3,2.2,Tokyo,35.7,139.6875
2026-09-04 03:00:00,23.4,2.4,Tokyo,35.7,139.6875
2026-09-04 04:00:00,23.6,2.3,Tokyo,35.7,139.6875
2026-09-04 05:00:00,23.7,2.2,Tokyo,35.7,139.6875
2026-09-04 06:00:00,23.7,2.2,Tokyo,35.7,139.6875
2026-09-04 07:00:00,23.6,3.3,Tokyo,35.7,139.6875
2026-09-04 08:00:00,23.3,2.7,Tokyo,35.7,139.6875
2026-09-04 09:00:00,22.7,2.3,Tokyo,35.7,139.6875
2026-09-04 10:00:00,22.5,2.3,Tokyo,35.7,139.6875
2026-09-04 11:00:00,22.2,2.0,Tokyo,35.7,139.6875
2026-09-04 12:00:00,22.1,3.2,Tokyo,35.7,139.6875
2026-09-04 13:00:00,21.9,2.1,Tokyo,35.7,139.6875
2026-09-04 14:00:00,21.7,2.3,Tokyo,35.7,139.6875
2026-09-04 15:00:00,21.6,1.8,Tokyo,35.7,139.6875
2026-09-04 16:00:00,21.6,2.0,Tokyo,35.7,139.6875
2026-09-04 17:00:00,21.6,2.6,Tokyo,35.7,139.6875
2026-09-04 18:00:00,21.5,3.1,Tokyo,35.7,139.6875
2026-09-04 19:00:00,21.4,4.2,Tokyo,35.7,139.6875
2026-09-04 20:00:00,21.2,3.9,Tokyo,35.7,139.6875
2026-09-04 21:00:00,20.9,4.3,Tokyo,35.7,139.6875
2026-09-04 22:00:00,20.9,3.7,Tokyo,35.7,139.6875
2026-09-04 23:00:00,21.0,4.8,Tokyo,35.7,139.6875
2026-09-05 00:00:00,21.5,4.0,Tokyo,35.7,139.6875
2026-09-05 01:00:00,22.2,3.8,Tokyo,35.7,139.6875
2026-09-05 02:00:00,22.8,3.6,Tokyo,35.7,139.6875
2026-09-05 03:00:00,23.1,4.5,Tokyo,35.7,139.6875
2026-09-05 04:00:00,23.3,5.2,Tokyo,35.7,139.6875
2026-09-05 05:00:00,23.4,5.2,Tokyo,35.7,139.6875
2026-09-05 06:00:00,23.4,5.5,Tokyo,35.7,139.6875
2026-09-05 07:00:00,22.2,5.1,Tokyo,35.7,139.6875
2026-09-05 08:00:00,22.0,4.7,Tokyo,35.7,139.6875
2026-09-05 09:00:00,21.9,4.7,Tokyo,35.7,139.6875
2026-09-05 10:00:00,21.8,4.7,Tokyo,35.7,139.6875
2026-09-05 11:00:00,21.7,5.4,Tokyo,35.7,139.6875
2026-09-05 12:00:00,21.7,5.1,Tokyo,35.7,139.6875
2026-09-05 13:00:00,21.6,5.4,Tokyo,35.7,139.6875
2026-09-05 14:00:00,21.4,5.4,Tokyo,35.7,139.6875
2026-09-05 15:00:00,21.3,5.4,Tokyo,35.7,139.6875
2026-09-05 16:00:00,21.1,5.4,Tokyo,35.7,139.6875
2026-09-05 17:00:00,21.0,5.4,Tokyo,35.7,139.6875
2026-09-05 18:00:00,20.8,5.4,Tokyo,35.7,139.6875
2026-09-05 19:00:00,20.9,5.4,Tokyo,35.7,139.6875
2026-09-05 20:00:00,21.2,5.1,Tokyo,35.7,139.6875
2026-09-05 21:00:00,21.5,6.4,Tokyo,35.7,139.6875
2026-09-05 22:00:00,21.6,7.0,Tokyo,35.7,139.6875
2026-09-05 23:00:00,21.6,6.2,Tokyo,35.7,139.6875
2026-09-06 00:00:00,21.6,7.2,Tokyo,35.7,139.6875
2026-09-06 01:00:00,21.8,7.0,Tokyo,35.7,139.6875
2026-09-06 02:00:00,22.1,6.7,Tokyo,35.7,139.6875
2026-09-06 03:00:00,22.5,6.9,Tokyo,35.7,139.6875
2026-09-06 04:00:00,22.4,7.1,Tokyo,35.7,139.6875
2026-09-06 05:00:00,22.8,5.8,Tokyo,35.7,139.6875
2026-09-06 06:00:00,23.2,5.3,Tokyo,35.7,139.6875
2026-09-06 07:00:00,23.5,6.4,Tokyo,35.7,139.6875
2026-09-06 08:00:00,23.6,5.4,Tokyo,35.7,139.6875
2026-09-06 09:00:00,23.5,6.6,Tokyo,35.7,139.6875
2026-09-06 10:00:00,23.6,6.7,Tokyo,35.7,139.6875
2026-09-06 11:00:00,23.8,6.4,Tokyo,35.7,139.6875
2026-09-06 12:00:00,24.1,7.3,Tokyo,35.7,139.6875
2026-09-06 13:00:00,24.3,7.8,Tokyo,35.7,139.6875
2026-09-06 14:00:00,24.3,8.2,Tokyo,35.7,139.6875
2026-09-06 15:00:00,24.3,9.2,Tokyo,35.7,139.6875
2026-09-06 16:00:00,23.5,9.8,Tokyo,35.7,139.6875
2026-09-06 17:00:00,22.9,8.5,Tokyo,35.7,139.6875
2026-09-06 18:00:00,22.3,8.9,Tokyo,35.7,139.6875
2026-09-06 19:00:00,22.0,6.5,Tokyo,35.7,139.6875
2026-09-06 20:00:00,22.6,4.3,Tokyo,35.7,139.6875
2026-09-06 21:00:00,24.0,15.6,Tokyo,35.7,139.6875
2026-09-06 22:00:00,25.0,21.7,Tokyo,35.7,139.6875
2026-09-06 23:00:00,25.3,27.5,Tokyo,35.7,139.6875
2026-09-07 00:00:00,25.5,29.2,Tokyo,35.7,139.6875
2026-09-07 01:00:00,25.8,21.6,Tokyo,35.7,139.6875
2026-09-07 02:00:00,26.3,20.7,Tokyo,35.7,139.6875
2026-09-07 03:00:00,25.9,21.6,Tokyo,35.7,139.6875
2026-09-07 04:00:00,26.0,22.2,Tokyo,35.7,139.6875
2026-09-07 05:00:00,26.9,18.2,Tokyo,35.7,139.6875
2026-09-07 06:00:00,27.1,16.0,Tokyo,35.7,139.6875
2026-09-07 07:00:00,26.8,15.9,Tokyo,35.7,139.6875
2026-09-07 08:00:00,26.3,16.4,Tokyo,35.7,139.6875
2026-09-07 09:00:00,25.9,16.9,Tokyo,35.7,139.6875
2026-09-07 10:00:00,25.9,17.1,Tokyo,35.7,139.6875
2026-09-07 11:00:00,26.0,17.1,Tokyo,35.7,139.6875
2026-09-07 12:00:00,26.1,17.0,Tokyo,35.7,139.6875
2026-09-07 13:00:00,26.1,16.6,Tokyo,35.7,139.6875
2026-09-07 14:00:00,26.1,16.0,Tokyo,35.7,139.6875
2026-09-07 15:00:00,26.1,15.3,Tokyo,35.7,139.6875
2026-09-07 16:00:00,26.1,14.8,Tokyo,35.7,139.6875
2026-09-07 17:00:00,26.0,14.1,Tokyo,35.7,139.6875
2026-09-07 18:00:00,25.9,12.8,Tokyo,35.7,139.6875
2026-09-07 19:00:00,25.8,10.2,Tokyo,35.7,139.6875
2026-09-07 20:00:00,25.6,7.7,Tokyo,35.7,139.6875
2026-09-07 21:00:00,25.9,6.6,Tokyo,35.7,139.6875
2026-09-07 22:00:00,27.0,6.0,Tokyo,35.7,139.6875
2026-09-07 23:00:00,28.4,5.6,Tokyo,35.7,139.6875
2026-09-08 00:00:00,29.8,5.9,Tokyo,35.7,139.6875
2026-09-08 01:00:00,30.9,7.1,Tokyo,35.7,139.6875
2026-09-08 02:00:00,31.9,8.6,Tokyo,35.7,139.6875
2026-09-08 03:00:00,32.4,10.1,Tokyo,35.7,139.6875
2026-09-08 04:00:00,32.0,10.8,Tokyo,35.7,139.6875
2026-09-08 05:00:00,31.1,11.2,Tokyo,35.7,139.6875
2026-09-08 06:00:00,30.2,11.6,Tokyo,35.7,139.6875
2026-09-08 07:00:00,29.2,11.9,Tokyo,35.7,139.6875
2026-09-08 08:00:00,28.1,12.2,Tokyo,35.7,139.6875
2026-09-08 09:00:00,27.2,12.5,Tokyo,35.7,139.6875
2026-09-08 10:00:00,26.8,12.5,Tokyo,35.7,139.6875
2026-09-08 11:00:00,26.7,12.1,Tokyo,35.7,139.6875
2026-09-08 12:00:00,26.6,12.1,Tokyo,35.7,139.6875
2026-09-08 13:00:00,26.5,12.5,Tokyo,35.7,139.6875
2026-09-08 14:00:00,26.4,12.8,Tokyo,35.7,139.6875
2026-09-08 15:00:00,26.3,13.0,Tokyo,35.7,139.6875
2026-09-08 16:00:00,26.2,12.8,Tokyo,35.7,139.6875
2026-09-08 17:00:00,26.2,12.2,Tokyo,35.7,139.6875
2026-09-08 18:00:00,26.1,10.8,Tokyo,35.7,139.6875
2026-09-08 19:00:00,26.0,8.0,Tokyo,35.7,139.6875
2026-09-08 20:00:00,26.0,6.0,Tokyo,35.7,139.6875
2026-09-08 21:00:00,26.2,5.9,Tokyo,35.7,139.6875
2026-09-08 22:00:00,27.0,5.6,Tokyo,35.7,139.6875
2026-09-08 23:00:00,28.2,5.1,Tokyo,35.7,139.6875
2026-09-09 00:00:00,28.8,5.9,Tokyo,35.7,139.6875
2026-09-09 01:00:00,28.6,9.2,Tokyo,35.7,139.6875
2026-09-09 02:00:00,27.9,13.2,Tokyo,35.7,139.6875
2026-09-09 03:00:00,27.2,15.5,Tokyo,35.7,139.6875
2026-09-09 04:00:00,26.5,14.5,Tokyo,35.7,139.6875
2026-09-09 05:00:00,25.9,11.7,Tokyo,35.7,139.6875
2026-09-09 06:00:00,25.2,9.3,Tokyo,35.7,139.6875
2026-09-09 07:00:00,24.5,8.4,Tokyo,35.7,139.6875
2026-09-09 08:00:00,23.8,7.9,Tokyo,35.7,139.6875
2026-09-09 09:00:00,23.3,7.4,Tokyo,35.7,139.6875
2026-09-09 10:00:00,23.5,7.2,Tokyo,35.7,139.6875
2026-09-09 11:00:00,23.2,6.8,Tokyo,35.7,139.6875
2026-09-09 12:00:00,22.9,6.7,Tokyo,35.7,139.6875
2026-09-09 13:00:00,22.6,6.9,Tokyo,35.7,139.6875
2026-09-09 14:00:00,22.3,7.2,Tokyo,35.7,139.6875
2026-09-09 15:00:00,22.1,7.8,Tokyo,35.7,139.6875
2026-09-09 16:00:00,21.9,8.5,Tokyo,35.7,139.6875
2026-09-09 17:00:00,21.8,9.0,Tokyo,35.7,139.6875
2026-09-09 18:00:00,21.7,9.4,Tokyo,35.7,139.6875
2026-09-09 19:00:00,21.8,9.7,Tokyo,35.7,139.6875
2026-09-09 20:00:00,21.9,10.1,Tokyo,35.7,139.6875
2026-09-09 21:00:00,22.1,10.3,Tokyo,35.7,139.6875
2026-09-09 22:00:00,22.3,10.7,Tokyo,35.7,139.6875
2026-09-09 23:00:00,22.4,10.9,Tokyo,35.7,139.6875
